author_id,sub_id,submission,subreddit,created,timestamp,risk
11cgygmb,dkv1c3,How do I get nothing back?,fifthworldproblems,1571631059.0,2019-10-21 12:10:59,0
11cgygmb,dj8yh1,Everybody here is a hypocritical fat cat.,Frugal_Jerk,1571330345.0,2019-10-18 00:39:05,-1
11cgygmb,dhmhom,Not Instagram but... shopping for Korean and Chinese fashion is a total shitshow full of these abominations,Instagramreality,1571033413.0,2019-10-14 14:10:13,0
11cgygmb,dgijw5,"Dear Momma, the boy I like a lot asked me out for lunch in two weeks!",MomForAMinute,1570815627.0,2019-10-12 01:40:27,1
11cgygmb,dg66tx,Sometimes I wish I could just chop my hands off so I never have to do art ever again fuck,SchizophreniaArtProj,1570748943.0,2019-10-11 07:09:03,-1
11cgygmb,d8juxm,I started this to incentivise myself to write notes and not fall asleep but it backfired.,SchizophreniaArtProj,1569310689.0,2019-09-24 15:38:09,0
11cgygmb,d7pki8,Those days I wake up and the window is my only way out:,schizophrenia,1569154129.0,2019-09-22 20:08:49,0
11cgygmb,d0d0ms,"I try to make my art aesthetically pleasing, no matter how frustrating it is, because it helps me cope and rationalise. Stay strong everybody :)",schizophrenia,1567751990.0,2019-09-06 14:39:50,1
11cgygmb,coedtc,"I felt like purging myself and illustrated it for catharsis. First post in this sub, felt like contributing after going through supportive threads in here. Thank you for everything.",schizophrenia,1565417194.0,2019-08-10 14:06:34,1
11cgygmb,a1d71a,"A message to parents with schoolchildren, from a student.",singapore,1543458995.0,2018-11-29 10:36:35,0
11cgygmb,976toz,My fish recently died so I decided to draw him. He was one pretty boy.,drawing,1534237793.0,2018-08-14 17:09:53,0
11cgygmb,976dr6,Favourite SCP reader?,SCP,1534232086.0,2018-08-14 15:34:46,0
11cgygmb,8rpp55,"Phone drawing I did of my favourite ballerina, Iana Salenko.",drawing,1529222839.0,2018-06-17 16:07:19,0
11cgygmb,8rh2gw,"""Shipwreck in a Sea of Faces""– Another phone drawing I did, I hope everyone is happy today.",drawing,1529123303.0,2018-06-16 12:28:23,1
11cgygmb,8r8vhx,My sister's friends unironically posts these cancerous shits,creepyasterisks,1529044643.0,2018-06-15 14:37:23,0
11cgygmb,8mjiho,"""Viscaria""– My take on a Floral Faerie",ImaginaryCharacters,1527444263.0,2018-05-28 02:04:23,0
2ocfw1i6,cpidz8,"Depression for me is a constant feeling of wanting to go home, but no matter where I am, I am never home. Even when I’m at my physical home.",depression,1565643020.0,2019-08-13 04:50:20,-1
2ocfw1i6,clsenc,I am so depressed that I am numb to being depressed. It is sad that this is a comforting feeling.,depression,1564893655.0,2019-08-04 12:40:55,-1
2ocfw1i6,bx6qm0,Newly adopted dogs personality is slowly coming out and it’s getting increasingly more aggressive. Any tips?,Dogtraining,1559762867.0,2019-06-06 03:27:47,-1
2ocfw1i6,bszdhk,"I am just 2 weeks shy of being 1 year post op, and my ankle, and toe are swollen/fat. Is this normal?",ACL,1558817069.0,2019-05-26 04:44:29,-1
2ocfw1i6,bb26yg,"I think its absolutely pretentious and annoying to tell someone to watch their language, in regards to profanity.",unpopularopinion,1554774714.0,2019-04-09 09:51:54,-1
2ocfw1i6,aszi3e,"If the entire population of the world was located in Florida, would it sink?",NoStupidQuestions,1550728205.0,2019-02-21 13:50:05,0
2ocfw1i6,aqh5cj,Broke up with my girlfriend who thought we were soul mates. She made these little notes for me and I never read all of them. I feel like an asshole but my feelings faded away. A sad cheers to all the broken hearts.,drunk,1550128311.0,2019-02-14 15:11:51,-1
2ocfw1i6,am82ld,"People who hate their jobs, how do you find the motivation to keep going to work? Asking for a friend",askscience,1549062903.0,2019-02-02 07:15:03,1
2ocfw1i6,allluu,Is it possible to turn off iTunes from launching automatically every time you plug in your phone to charge?,mac,1548907883.0,2019-01-31 12:11:23,0
3lmqq3v3,cdlwm7,My brother sexually assaulted my boyfriend,relationship_advice,1563217766.0,2019-07-16 03:09:26,-1
3lmqq3v3,c7a09s,Does anyone experience getting hormonal acne right before AND after period?,acne,1561875856.0,2019-06-30 14:24:16,0
3lmqq3v3,c6aei6,"Should I break up? Help, I'm going insane.",BreakUps,1561666458.0,2019-06-28 04:14:18,0
3lmqq3v3,c2fuf3,Depression is so much worse if you live with your parents.,depression,1560943508.0,2019-06-19 19:25:08,-1
3lmqq3v3,bz3gc8,What is the worst part of having acne for you?,acne,1560201446.0,2019-06-11 05:17:26,-1
3lmqq3v3,bst90u,Would you break up over this?,relationship_advice,1558781826.0,2019-05-25 18:57:06,0
3lmqq3v3,bqsox3,Neutrogena Body Clear body wash?,acne,1558339420.0,2019-05-20 16:03:40,1
3lmqq3v3,bi9xv1,[Product Question] Opinions on the Bioderma Sensibio light moisturizer?,SkincareAddiction,1556447643.0,2019-04-28 18:34:03,0
