keyword,author_id,sub_id,submission,comments,subreddit,created,timestamp,risk
nobodi,32219w1n,avy4jk,I got a 98% on my exam for nursing school and have nobody to tell who actually cares.,599,offmychest,1551399431.0,2019-03-01 08:17:11,1
care,32219w1n,avy4jk,I got a 98% on my exam for nursing school and have nobody to tell who actually cares.,599,offmychest,1551399431.0,2019-03-01 08:17:11,1
night,bnq6d58,b8yn88,Audrey I know you sneak into my room at night.,212,offmychest,1554301630.0,2019-04-03 22:27:10,0
aliv,bnq6d58,aurih6,Thank you to the kind stranger who gifted this to me today. Often my boyfriend and I tend to do as much as we can for others to keep the magic alive. We give pins and stuffed animals to those who like they need them. This is the first time someone has shared the magic with me.,6,Disneyland,1551134744.0,2019-02-26 06:45:44,1
die,h9jzr,au9van,"My 95 Year old Mom died this past week. She's from Europe, lived during WWII time and loved to tell her story. I'm her only living child left and hardly anyone left for her. No big funeral. So I'm telling her story for her now. I think she would have loved that.",690,offmychest,1551027727.0,2019-02-25 01:02:07,0
live,h9jzr,au9van,"My 95 Year old Mom died this past week. She's from Europe, lived during WWII time and loved to tell her story. I'm her only living child left and hardly anyone left for her. No big funeral. So I'm telling her story for her now. I think she would have loved that.",690,offmychest,1551027727.0,2019-02-25 01:02:07,0
die,h9jzr,atjtab,My 95 year old European mom just died and there's no one left for a funeral to tell her story. I just need to tell someone.,12,europe,1550854133.0,2019-02-23 00:48:53,-1
live,h9jzr,9k8p00,Live Stream Green Bay Packers,4,Austin,1538332197.0,2018-10-01 02:29:57,0
live,h9jzr,8o39qp,Any way to Watch Brewers baseball Live Streaming in Austin?,12,Austin,1527970520.0,2018-06-03 04:15:20,0
stupid,h9jzr,8jwso3,Newish to Austin. This may be a stupid question about public transportation.,38,Austin,1526491745.0,2018-05-17 01:29:05,-1
cut,h9jzr,84gzf1,In search of a place that cuts men's hair to a good undercut.,20,Austin,1521061744.0,2018-03-15 05:09:04,0
end,40n9yd2g,cxe8ak,"When a basement is being dug out under a house, how do they stop the house ending up in the basement void?",0,explainlikeimfive,1567155021.0,2019-08-30 16:50:21,-1
night,40n9yd2g,cnu6li,"Its 1am, my room-mates and I are going to bed. Good night.",0,lookatmydog,1565308340.0,2019-08-09 07:52:20,1
abus,40n9yd2g,cm07ir,Yesterday I had my physically abusive wife arrested,317,offmychest,1564945703.0,2019-08-05 03:08:23,-1
suicid,3l1kfqwu,d50fap,I just found my boyfriend’s suicide note,232,offmychest,1568639281.0,2019-09-16 21:08:01,-1
note,3l1kfqwu,d50fap,I just found my boyfriend’s suicide note,232,offmychest,1568639281.0,2019-09-16 21:08:01,-1
bad,3l1kfqwu,bctoyv,Don’t let a bad day make you feel like you have a bad life,4,self,1555180912.0,2019-04-14 02:41:52,-1
abus,1jlnd1be,b5uz46,My abused adopted dog let me to pet him after 2 years of being scared of me.,153,offmychest,1553632884.0,2019-03-27 04:41:24,-1
lost,1jlnd1be,b4idjf,"How can I help now? I feel lost, I have no power.",2,SBSK,1553342300.0,2019-03-23 19:58:20,-1
depress,1jlnd1be,awl01b,"When i feel depressed, i make gifts for close friends and i put there a personalized letter why they should be proud of themselves.",22,confession,1551553178.0,2019-03-03 02:59:38,1
pretend,3g5oc5kt,coh1at,I pretend to be asleep so I can hear my girlfriend sing.,195,offmychest,1565437507.0,2019-08-10 19:45:07,0
pretend,3g5oc5kt,cocvfz,I pretend to be asleep so I can hear my girlfriend sing.,0,confession,1565407637.0,2019-08-10 11:27:17,0
useless,3g5oc5kt,cki81w,What is the most useless thing you can do on reddit?,10,AskReddit,1564626278.0,2019-08-01 10:24:38,-1
dead,3g5oc5kt,c0peck,The original soundtrack for red dead redemption 2 is coming out july 12.,1,reddeadredemption,1560546932.0,2019-06-15 05:15:32,-1
night,12vjmy4b,8e343k,Nobody came to my son's party last night WTF,1664,offmychest,1524402316.0,2018-04-22 21:05:16,-1
nobodi,12vjmy4b,8e343k,Nobody came to my son's party last night WTF,1664,offmychest,1524402316.0,2018-04-22 21:05:16,-1
afraid,3hhwfd81,cg7dcn,I'm so introverted I'm afraid to post stuff anonymously online,388,offmychest,1563762006.0,2019-07-22 10:20:06,0
hide,28tab16w,dqdxhj,Clown pleco hiding with SpongeBob.,5,Aquariums,1572659347.0,2019-11-02 09:49:07,-1
die,28tab16w,dj736v,"What's this slime around my zucchini? It's been in there for two days, so I was going to take it out and noticed it. No fish have died, but should I be worried?",12,Aquariums,1571322192.0,2019-10-17 22:23:12,-1
die,28tab16w,dhqyw8,"I started having fish die left and right earlier this week, and today I found my cherry barb looking like this. What is happening and how do I fix it???",4,Aquariums,1571061700.0,2019-10-14 22:01:40,-1
lost,28tab16w,df6inr,All respect for blizzard is lost,22,Blizzard,1570569731.0,2019-10-09 05:22:11,1
dead,28tab16w,cuf8a4,Stahp advertising dead content pls,36,runescape,1566573240.0,2019-08-23 23:14:00,-1
cut,28tab16w,csnfj4,Likelihood Of Fish Being Cut By Slate?,4,Aquariums,1566248921.0,2019-08-20 05:08:41,-1
bad,28tab16w,clzfkt,"Good news: upgraded to a 125! Bad news: it came with a bunch of mistreated fish. Lots of fin damage (especially to the arowana) and after my last post, I decided I don't want an arowana. Gotta get rid of them! Does anyone know how much a 12 inch arowana with damaged fins would go for?",14,Aquariums,1564941950.0,2019-08-05 02:05:50,-1
aliv,28tab16w,clf5xc,This little pleco was the only fish left alive in the dirtiest tank I've ever seen. What kind of a pleco is he?,5,Aquariums,1564810134.0,2019-08-03 13:28:54,-1
live,28tab16w,c4zc4u,Rip Barry. Black lives matter.,2,memes,1561423638.0,2019-06-25 08:47:18,0
live,28tab16w,c0eqmy,Can Bettas Really Live In A Tropical Community Tank?,15,Aquariums,1560479426.0,2019-06-14 10:30:26,0
plan,28tab16w,by47xp,Change of stocking plans,4,Aquariums,1559969356.0,2019-06-08 12:49:16,0
hang,28tab16w,bxj92q,"What's wrong with my gourami? Normally she's moving all over the place and is super active, but all of today she's just been hanging out here.",12,Aquariums,1559841132.0,2019-06-07 01:12:12,1
end,28tab16w,bvs3vb,"This is Sharkbait. She came from the LFS with a split fun and it never healed. But she eats well, and ended up being the chonkers of my cherry barbs.",2,Aquariums,1559438421.0,2019-06-02 09:20:21,1
stuck,28tab16w,bv9oir,"Cardinal stuck swimming like this. What's wrong? He's the only one doing it, the rest are fine",18,Aquariums,1559320084.0,2019-06-01 00:28:04,-1
end,12t88acw,dfuphr,"In the end, it boils down to the same problem.",4,UnsentLetters,1570694019.0,2019-10-10 15:53:39,-1
die,12t88acw,caq2jq,My coworker died this morning and I’m actually pretty glad about it.,133,offmychest,1562615928.0,2019-07-09 03:58:48,1
night,12t88acw,c2i2gx,Thanks u/readyfreedy for giving me the idea last night!,3,MadeOfStyrofoam,1560956106.0,2019-06-19 22:55:06,1
exist,12t88acw,brtkhu,I'm so glad this sub exists.,7,AdultSelfHarm,1558555852.0,2019-05-23 04:10:52,1
night,12t88acw,brovpq,Whew bois I really did it last night,5,MadeOfStyrofoam,1558532180.0,2019-05-22 21:36:20,0
bad,12t88acw,brosr4,Boy I really am bad at this.,1,socialskills,1558531710.0,2019-05-22 21:28:30,-1
hate,12t88acw,boknnc,I hate being on medication.,2,PCOS,1557849045.0,2019-05-14 23:50:45,-1
hate,12t88acw,bh1fya,Really hate this feeling.,1,Anxiety,1556147779.0,2019-04-25 07:16:19,-1
hide,12t88acw,bem2l0,Where is it hiding?!,4,MadeOfStyrofoam,1555597002.0,2019-04-18 22:16:42,0
hate,12t88acw,b9wdyk,I hate that we lost touch.,1,UnsentLetters,1554496900.0,2019-04-06 04:41:40,-1
lost,12t88acw,b9wdyk,I hate that we lost touch.,1,UnsentLetters,1554496900.0,2019-04-06 04:41:40,-1
nobodi,12t88acw,b92ya3,Nobody clue him in lol!,3,MadeOfStyrofoam,1554321887.0,2019-04-04 04:04:47,1
fight,12t88acw,b6lr3d,Why is it so important to fight?,2,selfharm,1553794464.0,2019-03-29 01:34:24,0
depress,3d9ihuut,cr51h3,Today my depressed mom finally took a shower and I spent 3 hours brushing the matt out of her hair.,253,offmychest,1565954813.0,2019-08-16 19:26:53,-1
hate,3d9ihuut,cjfl6i,I’ve lost over 7 stone in weight and I think I hate my body more than I did before.,1,offmychest,1564426389.0,2019-07-30 02:53:09,-1
lost,3d9ihuut,cjfl6i,I’ve lost over 7 stone in weight and I think I hate my body more than I did before.,1,offmychest,1564426389.0,2019-07-30 02:53:09,-1
abus,1cwj19pc,btgqfh,My manager is physically and emotionally abusive so I get her undercover boss’d and fired,27,RegularRevenge,1558925274.0,2019-05-27 10:47:54,-1
bad,1cwj19pc,ah7aip,"My visit to Miami. The good, the bad, and the ugly.",8,VisitingMiami,1547789948.0,2019-01-18 13:39:08,-1
harm,1cwj19pc,a9exg6,Today I am 365 days self harm free. Merry Christmas everyone.,215,offmychest,1545745164.0,2018-12-25 21:39:24,1
hurt,2l0itdr3,bs0vdp,I finally told my parents how much they hurt me when I was young.,3,offmychest,1558604320.0,2019-05-23 17:38:40,-1
die,2l0itdr3,brrl7q,"My article on the New Zealand assisted dying bill, from the perspective on someone with terminal cancer.",2,righttodie,1558546094.0,2019-05-23 01:28:14,-1
end,2l0itdr3,bqqh6x,Today we ended my chemotherapy treatment.,21,cancer,1558324352.0,2019-05-20 11:52:32,0
plan,2l0itdr3,bqkq06,A few of our planning tips - perhaps Reddit can offer more!,10,cancer,1558293015.0,2019-05-20 03:10:15,0
live,2l0itdr3,bp0djs,Just sat down in the living room with a drink and got comfy and now the fridge door is beeping at me because it's slightly open. Now I have to get up.,8,firstworldproblems,1557939202.0,2019-05-16 00:53:22,0
end,2l0itdr3,bo9wzt,A list of questions for an end of life interview.,2,cancer,1557784765.0,2019-05-14 05:59:25,0
live,2l0itdr3,bns3sm,"My time is being cut short due to aggressive cancer so I'm sharing some of my legacy that I leave behind. Working with Treology was, and still is a dream come true - living and breathing the natural beauty of New Zealand.",10,videos,1557684966.0,2019-05-13 02:16:06,1
cut,2l0itdr3,bns3sm,"My time is being cut short due to aggressive cancer so I'm sharing some of my legacy that I leave behind. Working with Treology was, and still is a dream come true - living and breathing the natural beauty of New Zealand.",10,videos,1557684966.0,2019-05-13 02:16:06,1
breath,2l0itdr3,bns3sm,"My time is being cut short due to aggressive cancer so I'm sharing some of my legacy that I leave behind. Working with Treology was, and still is a dream come true - living and breathing the natural beauty of New Zealand.",10,videos,1557684966.0,2019-05-13 02:16:06,1
end,2l0itdr3,bnm14j,My approach to life as it comes to an end.,397,offmychest,1557642249.0,2019-05-12 14:24:09,0
care,2l0itdr3,bjghwh,"A huge shout out to my care team at Christchurch Hopsital, NZ.",2,cancer,1556713682.0,2019-05-01 20:28:02,1
diagnos,2l0itdr3,bi8dy8,Just been diagnosed with terminal cancer and my friend brought round his vinyl collection for me to listen to. Just three of the original pressings. Feeling very happy!,2,vinyl,1556432450.0,2019-04-28 14:20:50,1
end,2l0itdr3,bh38t8,Avengers End Game was so much more that I expected.,0,confessions,1556158605.0,2019-04-25 10:16:45,0
live,2l0itdr3,b1n00k,"I live in Christchurch, NZ and I feel so hollow.",4,sad,1552700167.0,2019-03-16 09:36:07,0
bad,4m8kd01u,d92ibr,"I’ve made bad choices my entire life and now that I have everything together, I’m need to get this off my chest.",214,offmychest,1569414147.0,2019-09-25 20:22:27,-1
die,20np54hy,c1ialh,My husband died on Friday afternoon,354,offmychest,1560739191.0,2019-06-17 10:39:51,-1
lost,20np54hy,bb3lly,What would happen to a human body lost in space?,8,TooAfraidToAsk,1554783910.0,2019-04-09 12:25:10,-1
lost,3osdl28x,biykld,I'm finally okay with what I lost.,320,offmychest,1556594483.0,2019-04-30 11:21:23,0
suicid,2bki2omh,aktnf9,My fiance committed suicide and I can't bring myself to tell our loved ones how everything went down so I'm posting it here.,271,offmychest,1548718389.0,2019-01-29 07:33:09,0
commit,2bki2omh,aktnf9,My fiance committed suicide and I can't bring myself to tell our loved ones how everything went down so I'm posting it here.,271,offmychest,1548718389.0,2019-01-29 07:33:09,0
night,2bki2omh,akm6nx,"Every night as I'm falling asleep, but I'm still awake and aware, everything will either go completely silent or I'll hear a random noise, am I crazy or is this normal?",4,NoStupidQuestions,1548670986.0,2019-01-28 18:23:06,-1
hate,3mgew0br,ber9ee,My 4 year old son is autistic and I hate him. I hate being a parent. I hate everything about this.,143,offmychest,1555624452.0,2019-04-19 05:54:12,-1
dead,15j4ag5,aukh2s,I saw my dead husband in a dream and I’m so happy right now,249,offmychest,1551095928.0,2019-02-25 19:58:48,1
die,4it3sqe9,dmba7h,"[Update] I am dying, and am unsure how to tell my wife and family. I dont want to leave my children.",2,offmychest,1571891210.0,2019-10-24 12:26:50,-1
unsur,4it3sqe9,dmba7h,"[Update] I am dying, and am unsure how to tell my wife and family. I dont want to leave my children.",2,offmychest,1571891210.0,2019-10-24 12:26:50,-1
die,4it3sqe9,czuo53,"I am dying, and am unsure how to tell my wife and family. I dont want to leave my children.",378,offmychest,1567650084.0,2019-09-05 10:21:24,-1
unsur,4it3sqe9,czuo53,"I am dying, and am unsure how to tell my wife and family. I dont want to leave my children.",378,offmychest,1567650084.0,2019-09-05 10:21:24,-1
hung,me43z,d8mgrm,Dessicated agarose gel left to bake on the imager - has been hung up as a reminder of our shame for years,7,labrats,1569328118.0,2019-09-24 20:28:38,-1
harm,me43z,d6uqys,Renal lab next door that doesn't work with anything harmful: *touches common doorknobs wearing gloves.* Our lab in the infectious disease department:,9,labrats,1568985288.0,2019-09-20 21:14:48,0
kill,me43z,cnf7om,Any ideas on what killed my bumblebee Millipede?,1,InvertPets,1565230341.0,2019-08-08 10:12:21,-1
nobodi,me43z,ckn33o,Nobody cares about your body as much as you do,121,howtonotgiveafuck,1564658668.0,2019-08-01 19:24:28,1
care,me43z,ckn33o,Nobody cares about your body as much as you do,121,howtonotgiveafuck,1564658668.0,2019-08-01 19:24:28,1
hide,me43z,cefsyg,"Shy woodlouse hiding under a leaf, picture by me",13,awwnverts,1563383809.0,2019-07-18 01:16:49,-1
hurt,me43z,cbhnwr,If my knees hurt after running am I doing permanent damage to my joints?,5,NoStupidQuestions,1562770297.0,2019-07-10 22:51:37,-1
end,me43z,c9wfeu,"Why do people on Reddit sometimes end post titles with ""caw caw""?",1,NoStupidQuestions,1562435444.0,2019-07-07 01:50:44,0
dead,me43z,c2lu8x,"ID for this pede please (right)? Approx. 1 inch long, very active, flat body. Northeastern United States. Found under leaf litter, I believe I saw it eating a dead leaf.",1,whatsthisbug,1560974275.0,2019-06-20 03:57:55,1
live,me43z,bz1tqi,"In your opinion, what's a sign that you're living a frugal life? (Yourself or others)",188,Frugal,1560193358.0,2019-06-11 03:02:38,0
bad,me43z,bqvfiy,A lot of people on Reddit are really bad story tellers,202,offmychest,1558358300.0,2019-05-20 21:18:20,-1
depress,me43z,b2mjzx,"I think my co-worker has depression, should I do something?",13,MensLib,1552935454.0,2019-03-19 02:57:34,-1
abus,me43z,aunsza,TIL that sometimes male victims of statuatory rape can be held liable for child support if their abusers get pregnant,101,MensLib,1551115907.0,2019-02-26 01:31:47,-1
kill,4h4pkfcw,cx1fgr,I Didn’t Kill Myself Today,321,offmychest,1567087751.0,2019-08-29 22:09:11,-1
live,34zovlng,ay12c0,For the Past 5 Years I've Been Living a Different Life and Nobody Knows [Long],224,offmychest,1551891607.0,2019-03-07 01:00:07,0
nobodi,34zovlng,ay12c0,For the Past 5 Years I've Been Living a Different Life and Nobody Knows [Long],224,offmychest,1551891607.0,2019-03-07 01:00:07,0
