keyword,author_id,sub_id,submission,comments,subreddit,timestamp,risk
depress,2ocfw1i6,cpidz8,"Depression for me is a constant feeling of wanting to go home, but no matter where I am, I am never home. Even when I‚Äôm at my physical home.",373,depression,13/08/2019 04:50,-1
depress,2ocfw1i6,clsenc,I am so depressed that I am numb to being depressed. It is sad that this is a comforting feeling.,1,depression,04/08/2019 12:40,-1
sad,2ocfw1i6,clsenc,I am so depressed that I am numb to being depressed. It is sad that this is a comforting feeling.,1,depression,04/08/2019 12:40,-1
sad,2ocfw1i6,aqh5cj,Broke up with my girlfriend who thought we were soul mates. She made these little notes for me and I never read all of them. I feel like an asshole but my feelings faded away. A sad cheers to all the broken hearts.,12,drunk,14/02/2019 15:11,-1
note,2ocfw1i6,aqh5cj,Broke up with my girlfriend who thought we were soul mates. She made these little notes for me and I never read all of them. I feel like an asshole but my feelings faded away. A sad cheers to all the broken hearts.,12,drunk,14/02/2019 15:11,-1
hate,2ocfw1i6,am82ld,"People who hate their jobs, how do you find the motivation to keep going to work? Asking for a friend",1,askscience,02/02/2019 07:15,1
depress,3lmqq3v3,c2fuf3,Depression is so much worse if you live with your parents.,589,depression,19/06/2019 19:25,-1
live,3lmqq3v3,c2fuf3,Depression is so much worse if you live with your parents.,589,depression,19/06/2019 19:25,-1
stress,3lmqq3v3,br14yw,What is your experience with STRESS ACNE?,3,acne,21/05/2019 04:49,-1
die,z73cn,d16wny,My dad died and I have no one to talk to about it.,16,offmychest,08/09/2019 13:15,-1
depress,z73cn,cd0hjp,Shout out to the particular hell that is functional depression.,358,depression,14/07/2019 15:53,-1
hurt,z73cn,5icop1,Sensitivity paste stuff hurt my gums?,1,Dentistry,15/12/2016 03:42,-1
afraid,z73cn,5hzapj,What were you afraid of as a kid that still freaks you out?,44,AskReddit,13/12/2016 05:15,0
end,z73cn,5ht6iy,"What is the most obnoxious ""extra fee"" we end up paying for something?",18,AskReddit,12/12/2016 07:29,-1
anxieti,z73cn,54s3mf,Anxiety rash????,2,Anxiety,28/09/2016 02:43,-1
bad,z73cn,4uskks,"Why do so many men have bad handwriting compared to women? Really, it's not like our hands are built differently.",14,Showerthoughts,27/07/2016 11:12,-1
pain,z73cn,4raz6x,What is something your workplace uses regularly that is painfully outdated?,24,AskReddit,05/07/2016 12:29,-1
live,y5ast,d2tf6q,"I have a feeling I know the answer, but what‚Äôs the general consensus of Thank You Scientist‚Äôs live performances?",22,thankyouscientist,12/09/2019 01:07,1
plan,y5ast,cnrwib,Planning on taking a 250 ug dose in two weeks for the first time,1,LSD,09/08/2019 04:56,0
night,y5ast,be400n,Took this at a park one night after it snowed. It evokes a certain feeling,6,infp,17/04/2019 13:13,1
night,y5ast,bc3wep,"Posted a sunset pic last night and it seemed to go well, so here‚Äôs another one I took at a park near my apartment!",0,infp,12/04/2019 03:15,1
depress,y5ast,b7fxrm,"Does anyone ever feel okay for a while, then a wave of depression just hits you like a truck?",375,depression,31/03/2019 04:59,0
die,y5ast,9hro8d,All I want to see before I die is Texas In July play Bloodwork in full,17,Metalcore,22/09/2018 00:35,-1
disord,y5ast,8xfq3x,"If everything is perfectly balanced, then shouldn‚Äôt there be an evil Thanos out there somewhere who wants to bring disorder and chaos to the universe instead of order and peace?",2,thanosdidnothingwrong,10/07/2018 04:17,-1
stupid,y5ast,6nk9d2,Why go to parties with stupid people when you could have dinners with intellectuals?,1,iamverysmart,16/07/2017 11:50,1
end,y5ast,6ajxhb,Breakdown of Sanity - Cardiac Silhouette (Such a beautiful ending. Thanks for everything),3,Metalcore,11/05/2017 20:55,1
die,y5ast,652pll,"If you could listen to one song before you die, what would it be?",17,AskReddit,13/04/2017 10:11,-1
kill,y5ast,5pm613,Dave Escamilla really kills it in this new video he posted on instagram!,17,Metalcore,23/01/2017 12:08,-1
end,y5ast,5mptaf,Dawn Of Justice - Duty [OFFICIAL MUSIC VIDEO] (This song really has a great ending),0,Metalcore,08/01/2017 15:46,1
live,y5ast,571x04,Parkway Drive Unbreakable Tour Live,12,Metalcore,12/10/2016 10:31,0
plan,y5ast,54h8nr,I was planning on going to see Avenged Sevenfold tonight at Houston Open Air and they cancelled it due to the weather :(,7,Metalcore,26/09/2016 05:29,-1
live,y5ast,52xvzm,Avenged Sevenfold live?,6,Metalcore,16/09/2016 03:25,0
breath,y5ast,4rpl3g,Breakdown of Sanity - Cancer's Breath (This song is so good),0,Metalcore,08/07/2016 00:50,0
depress,1qu2ijfd,ch5k91,"Living with depression is like running a marathon with a broken leg and then having everyone run past you and say ‚ÄúYeah, yeah, broken leg boo-hoo, we‚Äôre all tired.‚Äù And then run the same fucking race everyday. The cycle.",143,depression,24/07/2019 16:40,-1
live,1qu2ijfd,ch5k91,"Living with depression is like running a marathon with a broken leg and then having everyone run past you and say ‚ÄúYeah, yeah, broken leg boo-hoo, we‚Äôre all tired.‚Äù And then run the same fucking race everyday. The cycle.",143,depression,24/07/2019 16:40,-1
depress,1528oy,dqemjs,I always forget how terrible depression is until I have another episode,7,bipolar,02/11/2019 10:53,-1
depress,1528oy,bdoikz,DAE have really long depressions? I‚Äôm talking months on end,37,bipolar2,16/04/2019 10:14,-1
end,1528oy,bdoikz,DAE have really long depressions? I‚Äôm talking months on end,37,bipolar2,16/04/2019 10:14,-1
depress,1528oy,awqejx,Working full time through a depressive episode is the worst,23,bipolar2,03/03/2019 12:18,-1
depress,1528oy,aw059x,How do you work full time through your depressive phase?,4,bipolar,01/03/2019 11:45,-1
depress,1528oy,as55w2,It‚Äôs crazy to me that there are people out there who have never been depressed or thought about killing themselves,116,depression,19/02/2019 10:13,-1
kill,1528oy,as55w2,It‚Äôs crazy to me that there are people out there who have never been depressed or thought about killing themselves,116,depression,19/02/2019 10:13,-1
depress,1528oy,arhgpn,I‚Äôm so tired of this. I‚Äôm so depressed I don‚Äôt know what to do. Just looking for some encouragement,3,bipolar,17/02/2019 13:16,-1
bad,1528oy,ae2wh4,Feel like I‚Äôm not allowed to just have a bad day.,4,bipolar,09/01/2019 11:55,-1
breath,1528oy,9ibsl4,Anyone else really conscious of their breathing?,4,Anxiety,24/09/2018 04:48,0
panic,1528oy,9b3095,Had a nocturnal panic attack and now I‚Äôm having trouble sleeping...any tips?,4,Anxiety,29/08/2018 05:29,-1
anxieti,1528oy,99rzm1,Have any of you had your anxiety start out of nowhere?,2,Anxiety,24/08/2018 06:40,0
panic,1528oy,97m1da,Great...now I‚Äôm having panic attacks,8,bipolar,16/08/2018 05:04,-1
panic,1528oy,974w18,I had my first panic attack last night...I have never felt so scared in my life,2,Anxiety,14/08/2018 11:12,-1
night,1528oy,974w18,I had my first panic attack last night...I have never felt so scared in my life,2,Anxiety,14/08/2018 11:12,-1
lost,1528oy,8mnuz3,Has anyone lost a passion and it‚Äôs never come back?,10,bipolar,28/05/2018 13:55,0
hopeless,1528oy,8fv2zb,On my way to a job and medical school! It‚Äôs not hopeless guys!!,17,bipolar,30/04/2018 07:03,1
disord,1528oy,873sze,Anyone here diagnosed BP NOS or bipolar spectrum (‚Äòsoft bipolar) disorder?,19,bipolar,26/03/2018 05:16,-1
diagnos,1528oy,873sze,Anyone here diagnosed BP NOS or bipolar spectrum (‚Äòsoft bipolar) disorder?,19,bipolar,26/03/2018 05:16,-1
suicid,1528oy,7wjibk,"My instense fear of failure is one of the main reasons I‚Äôm to the point I think of suicide. Ironically, it‚Äôs also one of the main things that keep me from actually going through with it.",8,depression,10/02/2018 13:09,-1
sick,1528oy,6drm5r,"Losing weight triggers me, but I'm sick of being fat. Does this happen to anyone else?",9,bipolar,28/05/2017 10:47,-1
night,1528oy,660rtl,"""I used to lie in my bed crying at night. Now, I just lie there with a blank expression on my face. I never thought I'd get used to feeling this way, but I did.""",53,depression,18/04/2017 12:40,-1
alon,1528oy,6436ul,"""Depression isn't always at 3am when you're alone with only the thoughts in your head. Sometimes it's at 3pm, when you're surrounded by friends in the middle of laughing."" This is high functioning depression. So many people don't get it.",254,depression,08/04/2017 05:13,-1
depress,1528oy,6436ul,"""Depression isn't always at 3am when you're alone with only the thoughts in your head. Sometimes it's at 3pm, when you're surrounded by friends in the middle of laughing."" This is high functioning depression. So many people don't get it.",254,depression,08/04/2017 05:13,-1
depress,1528oy,63qtm6,"Depression is a tornado ripping through my mind. When it's over, I'm not sure there will be any meaningful pieces left.",8,depression,06/04/2017 12:32,-1
hate,1528oy,62xtmk,Sorry if it seems like I obsessively comment on everyone's posts...I just hate thinking someone poured their heart out on this sub only to be ignored. As if we don't get enough of that in real life.,15,depression,02/04/2017 12:33,-1
depress,1528oy,61kd9p,"""That's how depression hits. You wake up one morning afraid you're going to live""",20,depression,26/03/2017 14:51,-1
afraid,1528oy,61kd9p,"""That's how depression hits. You wake up one morning afraid you're going to live""",20,depression,26/03/2017 14:51,-1
live,1528oy,61kd9p,"""That's how depression hits. You wake up one morning afraid you're going to live""",20,depression,26/03/2017 14:51,-1
drug,1528oy,61eadj,Now I get why people turn to drugs and alcohol,26,depression,25/03/2017 14:28,0
depress,1528oy,608cb9,I am TRYING. People don't get that simple existing when you have depression is completely & utterly exhausting.,53,depression,19/03/2017 12:03,-1
exist,1528oy,608cb9,I am TRYING. People don't get that simple existing when you have depression is completely & utterly exhausting.,53,depression,19/03/2017 12:03,-1
suicid,1528oy,5tqtha,I don't understand how society can be so unsympathetic towards suicidal people,62,depression,13/02/2017 12:11,-1
depress,1528oy,5s5hh2,"'The opposite of depression is not happiness, but vitality'",2,depression,05/02/2017 11:57,-1
end,kpvyxd8,c872mi,What‚Äôs the best way to end it?,10,SuicideWatch,02/07/2019 17:19,1
end,kpvyxd8,c62ta2,My mind is in a constant tug of war. One part of me saying hold on to life. The other part is telling me to end it already. The other part is winning.,1,SuicideWatch,27/06/2019 16:05,0
night,kpvyxd8,bnlkt8,"Sometimes when I close my eyes at night, I hope that I don‚Äôt wake up in the morning.",6,confessions,12/05/2019 13:18,1
hate,kpvyxd8,b1ww0s,I want friends but I hate socializing. Do you see my problem ? ):,5,socialanxiety,17/03/2019 04:25,-1
hate,kpvyxd8,b1wvsq,I want friends but I hate socializing. Do you see my problem ? ):,1,CasualConversation,17/03/2019 04:24,-1
pain,kpvyxd8,b1cp1j,Reality is suffocating me. I‚Äôd rather live my life in my dreams. Sleep is the only time I‚Äôm numb to the pain.,3,SuicideWatch,15/03/2019 17:18,-1
live,kpvyxd8,b1cp1j,Reality is suffocating me. I‚Äôd rather live my life in my dreams. Sleep is the only time I‚Äôm numb to the pain.,3,SuicideWatch,15/03/2019 17:18,-1
pain,kpvyxd8,b1cown,Reality is suffocating me. I‚Äôd rather live my life in my dreams. Sleep is the only time I‚Äôm numb to the pain.,0,depression,15/03/2019 17:17,-1
live,kpvyxd8,b1cown,Reality is suffocating me. I‚Äôd rather live my life in my dreams. Sleep is the only time I‚Äôm numb to the pain.,0,depression,15/03/2019 17:17,-1
note,kpvyxd8,b0fona,Who needs to take notes (;,0,teenagers,13/03/2019 08:52,1
pill,kpvyxd8,ao7csx,Handsome pills for a handsome boy!,1,aww,08/02/2019 03:17,1
pill,kpvyxd8,ao13mu,Handsome pills for a handsome boy!,5,wholesomememes,07/02/2019 14:58,1
hate,kpvyxd8,a0dpk6,I hate being socially awkward.,18,socialanxiety,26/11/2018 07:33,-1
end,kpvyxd8,9i2vv4,"If insects suddenly disappeared from the planet, all life would soon end. If humans suddenly disappeared, all remaining life would flourish.",5,Showerthoughts,23/09/2018 04:39,-1
live,kpvyxd8,9g7dvd,"(H) CHEAP PSN/PS PLUS CARDS, STEAM CODES, XBOX LIVE GOLD, PLUS MANY MORE. (W) I TAKE AMAZON GIFT CARDS. PM ME",1,redditbay,16/09/2018 10:58,1
suicid,gx2rh,720kcr,I wouldn't commit suicide but if I had an option to suddenly stop existing I would choose it,181,depression,24/09/2017 04:04,-1
commit,gx2rh,720kcr,I wouldn't commit suicide but if I had an option to suddenly stop existing I would choose it,181,depression,24/09/2017 04:04,-1
exist,gx2rh,720kcr,I wouldn't commit suicide but if I had an option to suddenly stop existing I would choose it,181,depression,24/09/2017 04:04,-1
end,gx2rh,6n4z3h,Park End & Beckfield (Middlesbrough): IND: 56.9% (+56.9) LAB: 34.0% (+11.9) CON: 6.6% (+2.7) GRN: 1.4% (+1.4) LDEM: 1.1% (+1.1) Ind win.,4,ukpolitics,14/07/2017 06:14,1
fight,gx2rh,5tj0zo,"TIL of Hiroo Onoda, a Japanese soldier who continued fighting World War II a full 29 years after the Japanese surrendered, because he didn‚Äôt know the war was over",7,todayilearned,12/02/2017 10:06,-1
stress,gx2rh,405hrw,"My Fellow Berners, I can not stress this enough: If you have time, no matter how little you can allocate, please see if you can phonebank in Iowa. For Bernie to win the nomination, we need everyone to pitch in and make calls!",2,SandersForPresident,09/01/2016 15:51,1
breath,gx2rh,3r673o,"If a person had a mutation that let them breathe nitrogen instead of oxygen and had a long line of descendants, how long would it take humanity to notice?",2,Showerthoughts,02/11/2015 12:23,0
kill,pqjyd04,c4ggxq,I came out to my family as lesbian. Mom told me I should go kill myself.,535,depression,24/06/2019 09:39,-1
depress,z55q1,bhlyu2,Had anyone noticed memory decline from depression?,447,depression,26/04/2019 20:57,-1
stress,z55q1,ankx2k,How do you not get stressed out about the little things?,4,AskReddit,06/02/2019 08:44,1
live,z55q1,9695wc,How big of a sample in live poker is needed to get a good idea of your BB/hr?,27,poker,11/08/2018 01:48,1
live,z55q1,95beaf,Feedback on 3 spots from 1 2 live,30,poker,07/08/2018 20:58,0
live,z55q1,8uli0x,Advice on two hands from $20k guarantee live tourney yesterday,8,poker,29/06/2018 01:20,1
bad,z55q1,65abla,What's a bad habit you can't break?,8,AskReddit,14/04/2017 11:36,-1
plan,z55q1,6240pf,When you see someone you really want to go out with what's your plan to woo them?,18,AskReddit,29/03/2017 10:35,1
stress,z55q1,61524l,How do you deal with stress?,13,AskReddit,24/03/2017 06:12,-1
hate,11orru,dk3jnr,Things we‚Äôre not allowed to like anymore because they‚Äôre hate symbols apparently starter pack,99,starterpacks,19/10/2019 21:08,-1
live,11orru,di8tok,Lawrence police know we live in a society,8,FellowKids,15/10/2019 22:39,0
care,11orru,dhrioh,"There was more symbolism than we cared to admit the first time around - Bravo, Vince",8,breakingbad,14/10/2019 22:43,1
kill,11orru,dgwocp,"Four killed, three wounded in Brooklyn mass shooting",10,news,12/10/2019 23:34,-1
suicid,11orru,dfzj56,"Suicide is neither selfish or cowardly, and is in fact one of the bravest things a human can do.",51,unpopularopinion,10/10/2019 23:19,1
hide,11orru,ded64s,Aussies hide your grandpas,1,bertstrips,07/10/2019 10:15,0
night,11orru,d7a767,Hillman pilots late night campus escorts - using the same incompetent security guards who work in res halls,19,Pitt,21/09/2019 21:01,0
fight,11orru,d4dg8r,"If you‚Äôre a politician who votes to go to war but you don‚Äôt personally offer to fight, you‚Äôre a hypocrite",7,TrueOffMyChest,15/09/2019 08:27,-1
sad,nsbbl,cvqxyt,I‚Äôm not even really that sad anymore. I‚Äôm just angry all the time.,1,depression,27/08/2019 01:10,-1
depress,nsbbl,b3vo3f,I still sometimes daydream about killing myself even though I'm not really as depressed anymore?,2,depression,22/03/2019 04:37,-1
kill,nsbbl,b3vo3f,I still sometimes daydream about killing myself even though I'm not really as depressed anymore?,2,depression,22/03/2019 04:37,-1
end,nsbbl,b3ff7i,So grad school app season has come to an end.,0,depression,21/03/2019 02:19,0
anxieti,nsbbl,a1qj9o,It‚Äôs 3 am and my anxiety about my teeth is driving me crazy,1,Anxiety,30/11/2018 16:06,-1
anxieti,nsbbl,9v4h0w,"Right when I think my anxiety is under control, I learn that it is not.",0,Anxiety,08/11/2018 07:08,0
depress,nsbbl,8owhw0,To anyone who ever looked at those people who neglect their personal hygiene and care when depressed: I can empathize now.,2,depression,06/06/2018 09:22,-1
care,nsbbl,8owhw0,To anyone who ever looked at those people who neglect their personal hygiene and care when depressed: I can empathize now.,2,depression,06/06/2018 09:22,-1
depress,nsbbl,8olry0,"So I was stupid and in my depression stopped taking all my medication. Now I‚Äôm back on it, and I am starting to feel decent.",1,depression,05/06/2018 06:56,-1
stupid,nsbbl,8olry0,"So I was stupid and in my depression stopped taking all my medication. Now I‚Äôm back on it, and I am starting to feel decent.",1,depression,05/06/2018 06:56,-1
stupid,nsbbl,8mg3y6,"Robot Sofa, or I never thought I'd ever get this stupid avatar.",3,neopets,27/05/2018 14:31,-1
die,nsbbl,8mcrt9,"Anyone else ever feel like the ‚Äúold you‚Äù died years ago, and now you‚Äôre just limping along as someone you really can‚Äôt stand?",209,depression,27/05/2018 04:19,-1
sick,nsbbl,8kem0e,My birthday is on the 11th of June. I‚Äôm sick to my stomach and would just like to be gone by then.,4,SuicideWatch,19/05/2018 00:46,-1
cut,nsbbl,8jurst,I really have the urge to cut.,2,depression,16/05/2018 21:09,-1
depress,nsbbl,8dqxmp,Anyone else hate the person depression makes them,0,depression,21/04/2018 04:55,-1
hate,nsbbl,8dqxmp,Anyone else hate the person depression makes them,0,depression,21/04/2018 04:55,-1
hopeless,nsbbl,88m8bf,"When the weight of the hopelessness and endless tears aren‚Äôt enough, the brain shouts: ‚Äúbut wait, there‚Äôs more!!! Intrusive thoughts!!!‚Äù",0,depression,01/04/2018 06:29,-1
fight,nsbbl,7fkrto,Fighting this awful sense of dread,1,depression,26/11/2017 12:59,-1
depress,nsbbl,771l34,Tips for enjoying writing again when depression gets in the way?,47,writing,18/10/2017 04:56,0
sad,nsbbl,76x98q,"Right now, I'm not even sad. I just don't care.",1,depression,17/10/2017 16:42,0
care,nsbbl,76x98q,"Right now, I'm not even sad. I just don't care.",1,depression,17/10/2017 16:42,0
depress,nsbbl,74ublr,Imagining what I could accomplish if I weren't a depressed piece of shit,4,depression,07/10/2017 19:23,1
depress,nsbbl,73hbt0,When you don't know if it's the depression or just you being lazy,4,depression,01/10/2017 04:34,-1
hurt,nsbbl,70pi4h,"My stomach hurts, but honestly, I sometimes welcome it.",0,depression,18/09/2017 03:07,1
hopeless,nsbbl,6cspm5,One thing worse than not being the person you want to be and knowing everything is hopeless because you'll never be that person:,1,depression,23/05/2017 13:21,-1
alon,2r4vr6e7,do28bd,"I'm preparing for a life as if I'll be single forever. There are no guarantees in life, it's very possible that I may end up alone.",2,ForeverAlone,28/10/2019 09:32,-1
end,2r4vr6e7,do28bd,"I'm preparing for a life as if I'll be single forever. There are no guarantees in life, it's very possible that I may end up alone.",2,ForeverAlone,28/10/2019 09:32,-1
stuck,2r4vr6e7,dk1yn9,I (23M) am a philosophy graduate who has been stuck in retail for 2 1/2 years since graduation. Feeling a little hopeless but know that I'm not destined to work there for the rest of my life.,40,findapath,19/10/2019 18:27,-1
hopeless,2r4vr6e7,dk1yn9,I (23M) am a philosophy graduate who has been stuck in retail for 2 1/2 years since graduation. Feeling a little hopeless but know that I'm not destined to work there for the rest of my life.,40,findapath,19/10/2019 18:27,-1
alon,2r4vr6e7,dk1qy5,"I'm alone because I don't put in enough effort to meet women, and I don't ask them out. There, I fucking admit it.",85,ForeverAlone,19/10/2019 18:03,0
stupid,2r4vr6e7,d9hwnw,"Why can‚Äôt I give up? Why do I have to keep being strung along by my stupid brain, and keep suffering over and over again?",4,ForeverAlone,26/09/2019 18:46,-1
pain,2r4vr6e7,d1exwp,I want to give up on love and sex but I can‚Äôt due to biology. All it does it bring me pain.,5,Advice,09/09/2019 02:40,-1
pain,2r4vr6e7,czj4yw,Is it wrong to settle for less if trying to achieve more just brings more pain and misery than mediocrity itself does?,4,Advice,04/09/2019 18:43,-1
stuck,2r4vr6e7,cz7eln,"Life just isn't moving forward, I'm totally stuck in the mud.",13,NEET,04/09/2019 00:46,-1
bad,2r4vr6e7,cz4brq,"My problem is that I‚Äôm not bad per se, just thoroughly unremarkable and average.",1,ForeverAlone,03/09/2019 20:39,0
live,2r4vr6e7,cwmaut,I've decided to solely focus on myself and live as if I'll never find anyone.,22,ForeverAlone,28/08/2019 23:24,0
worthless,2r4vr6e7,cw87pv,Some degrees are just worthless. People who can't a job in their field should suck it up and take an entry level job that doesn't require their degree.,8,offmychest,28/08/2019 02:11,-1
depress,2r4vr6e7,cuzjg4,"Would anyone watch a vlog series talking about my struggles with loneliness, depression, and my steps to overcome these things, if I started making videos?",2,lonely,25/08/2019 05:42,-1
depress,2r4vr6e7,brsy1y,"Does anyone have a period where they feel really motivated and see things clearly, only to crash even harder the more you try to better yourself, feeling even more depressed than you were originally?",202,depression,23/05/2019 03:21,1
cut,2r4vr6e7,ae6vos,6'1. Will I look good after a cut?,23,BulkOrCut,09/01/2019 21:35,1
die,7qowrd,dbd5gr,My therapist died,83,depression,30/09/2019 23:23,-1
care,7qowrd,bho18g,Veterinarian at my university giving great betta care info ‚Äì specifically about why you should ditch the bowl! üôå,2,bettafish,27/04/2019 00:05,1
hide,7qowrd,80wwmx,"Ghost's 1 day --> 1 month --> 2-month progress!! He's marbling beautifully. We had some tail-nipping issues but that's getting better. He loves bloodworms and hiding in grass, and he made his first bubble nest last week! I love him so much, especially is one curly pelvic fin.",11,bettafish,28/02/2018 23:35,1
alon,23mvbbgf,cn5vlj,"The worst part of depression is waking up and the first thought that pops in your head is how shitty you feel, alone and already struggling to get through the day before it‚Äôs even started.",189,depression,07/08/2019 21:35,-1
depress,23mvbbgf,cn5vlj,"The worst part of depression is waking up and the first thought that pops in your head is how shitty you feel, alone and already struggling to get through the day before it‚Äôs even started.",189,depression,07/08/2019 21:35,-1
depress,23mvbbgf,cl08e7,"Extremely depressed, I decided to try my first full dose locked in my room to gain different perspective. Forgot I logged my thoughts at the peak. Died laughing when i first read this jibberish but realized there is some truth. I read this often to remember to keep fighting the darkness. Ty LSD.",18,LSD,02/08/2019 14:08,0
die,23mvbbgf,cl08e7,"Extremely depressed, I decided to try my first full dose locked in my room to gain different perspective. Forgot I logged my thoughts at the peak. Died laughing when i first read this jibberish but realized there is some truth. I read this often to remember to keep fighting the darkness. Ty LSD.",18,LSD,02/08/2019 14:08,0
fight,23mvbbgf,cl08e7,"Extremely depressed, I decided to try my first full dose locked in my room to gain different perspective. Forgot I logged my thoughts at the peak. Died laughing when i first read this jibberish but realized there is some truth. I read this often to remember to keep fighting the darkness. Ty LSD.",18,LSD,02/08/2019 14:08,0
fake,23mvbbgf,ampv3z,"So my friend works at a printing lab that costs a few cents, it gets used everyday and they let me go through the change. Nearly shit myself when i saw this but when comparing certified ones i‚Äôm thinking it may be a fake... Although i am still ecstatic! Wtf was this doing in some random jar..",25,coins,03/02/2019 22:11,-1
die,23mvbbgf,am8ul2,Thought you guys might like this. Fs101 DOUBLE DIE OBVERSE manhole cover i found! VF-35,18,coins,02/02/2019 08:40,-1
lost,23mvbbgf,9m4p6n,I can‚Äôt be the only one who feels literally ‚Äúlost‚Äù,11,depression,07/10/2018 20:32,0
bulli,3naf15im,dpfh3r,Boss being a bully,11,Wellington,31/10/2019 08:13,-1
nobodi,3naf15im,dp1nu0,"This morning, my boss was giving me such a hard time. I started crying and nobody in the office even noticed.",8,depression,30/10/2019 12:03,-1
abus,3naf15im,doz2y6,Abused by my ex girl. She pretty much got away with physical and emotional abuse.,8,AusLegal,30/10/2019 08:29,-1
care,3naf15im,dh9e7u,"This is my 1994 Mitsubishi FTO GPX, even though the previous owner took care of it very well it still needs a lot of work done.",53,projectcar,13/10/2019 19:28,1
abus,3naf15im,dftzna,Why do they ghost you after abusing you? Anyone can help me explain?,16,LifeAfterNarcissism,10/10/2019 14:30,-1
care,3naf15im,df8nsu,People only care when it‚Äôs too late.,0,Showerthoughts,09/10/2019 07:52,1
end,3naf15im,del3c8,I cried in front of my family today. They ended up comparing their issues to mine and tell me that other people have it worse.,246,depression,07/10/2019 23:35,-1
night,3naf15im,ddmn71,My FTO GPX at night üòç,4,mitsubishi,05/10/2019 20:30,0
anxieti,3naf15im,dbv98e,Withdrawals from anti anxiety medication,6,DecidingToBeBetter,01/10/2019 23:46,-1
night,3naf15im,dbdi7c,One of those nights just replaying everything in my head again. I‚Äôll never be 100% okay.,11,LifeAfterNarcissism,30/09/2019 23:48,0
abus,3naf15im,d4jqnl,I have a lot of resentment towards my parents for abusing me when I was younger. How can I learn to let that go?,6,Stoicism,15/09/2019 20:21,-1
abus,3naf15im,d2h4de,I moved countries to be with my Ex Gf who in turn abused and left me 3 months later. I lost >10k in the process and my mental health deteriorated. I‚Äôm not 100% okay but I‚Äôm trying my best to stay alive and build a better future for myself.,68,DecidingToBeBetter,11/09/2019 08:02,1
aliv,3naf15im,d2h4de,I moved countries to be with my Ex Gf who in turn abused and left me 3 months later. I lost >10k in the process and my mental health deteriorated. I‚Äôm not 100% okay but I‚Äôm trying my best to stay alive and build a better future for myself.,68,DecidingToBeBetter,11/09/2019 08:02,1
lost,3naf15im,d2h4de,I moved countries to be with my Ex Gf who in turn abused and left me 3 months later. I lost >10k in the process and my mental health deteriorated. I‚Äôm not 100% okay but I‚Äôm trying my best to stay alive and build a better future for myself.,68,DecidingToBeBetter,11/09/2019 08:02,1
care,3naf15im,cyxe99,How do I stop caring what others think?,13,Stoicism,03/09/2019 08:18,1
hate,3naf15im,cww5c5,Did your nex hate everything you liked too?,28,LifeAfterNarcissism,29/08/2019 12:44,-1
hurt,3naf15im,cujl3d,"I remember how when I‚Äôd sit close to her, she‚Äôd get up and sit elsewhere. That shit really hurt üòî",27,LifeAfterNarcissism,24/08/2019 04:39,-1
hurt,3naf15im,csdlwb,When they hurt you often : that‚Äôs okay I forgive you. When you hurt them once: NO THATS UNFORGIVABLE!!!,17,LifeAfterNarcissism,19/08/2019 15:12,-1
abus,3naf15im,crwio0,"Having gone through abuse as a child, I can‚Äôt help but wonder why my ex punished me instead of just leaving if she felt the relationship wasn‚Äôt right for her.",4,LifeAfterNarcissism,18/08/2019 11:58,-1
abus,3naf15im,crw5ao,Parents used to physically abuse me and now that I‚Äôm older they wonder why I‚Äôm resentful towards them.,13,LifeAfterNarcissism,18/08/2019 11:21,-1
lost,3naf15im,crgfw8,I lost all my savings but now I‚Äôm doing much better.,8,povertyfinance,17/08/2019 10:43,1
abus,3naf15im,cpegnp,I turned 22 today and cried alone in my room after having flashbacks of physical abuse by my parents and most recently by my ex girlfriend.,4,ptsd,13/08/2019 00:09,-1
alon,3naf15im,cpegnp,I turned 22 today and cried alone in my room after having flashbacks of physical abuse by my parents and most recently by my ex girlfriend.,4,ptsd,13/08/2019 00:09,-1
abus,3naf15im,cozhz1,Turned 22 a few minutes ago. I feel like throwing in the towel after facing so much abuse throughout my life.,1,SuicideWatch,12/08/2019 01:22,-1
abus,3naf15im,clc0gg,"My ex physically and emotionally abused me, I tried to seek help but none of my claims were taken seriously. I tried to look for resources online and I was appalled, men are always seen as the perpetrators. I‚Äôve posted a link to the site, let me know if you notice the differences.",10,MensRights,03/08/2019 08:06,-1
abus,3naf15im,clbv1t,My ex got away with physical and emotional abuse. My claims were never taken seriously and society still doesn‚Äôt seem to believe that women can be abusive too.,114,unpopularopinion,03/08/2019 07:52,-1
bad,3naf15im,ckhaqe,Turning 22 and made bad financial decisions in the past. Feeling disappointed and discouraged.,15,personalfinance,01/08/2019 09:03,-1
abus,3naf15im,cgxfr0,"I was abused by my ex physically and emotionally and as a man, I‚Äôm not ashamed to tell my story anymore.",9,JordanPeterson,24/07/2019 03:45,0
abus,3naf15im,cg6bsz,Why do I miss my ex so much even though she was abusive towards me,1,depression,22/07/2019 08:35,-1
abus,3naf15im,cfj9fi,"I miss my car that I had sold to move closer to my ex, who in turn abused me.",5,depression,20/07/2019 15:43,-1
abus,3naf15im,cehhb0,I‚Äôve given up trying to find an explaining from my ex as to why she abused me. I‚Äôm devastated and I feel so hurt.,1,depression,18/07/2019 03:24,-1
hurt,3naf15im,cehhb0,I‚Äôve given up trying to find an explaining from my ex as to why she abused me. I‚Äôm devastated and I feel so hurt.,1,depression,18/07/2019 03:24,-1
abus,3naf15im,cdsnk8,My parents physically abused me when I was younger and now wonder why I‚Äôm rebellious and distant.,3,offmychest,16/07/2019 13:07,-1
abus,3naf15im,ccs07w,Nobody believed my Ex-girlfriend was abusive.,21,depression,14/07/2019 01:35,-1
nobodi,3naf15im,ccs07w,Nobody believed my Ex-girlfriend was abusive.,21,depression,14/07/2019 01:35,-1
afraid,1oax8o8z,dr34ob,I‚Äôm so afraid that I‚Äôll never beat my mental illness,6,offmychest,04/11/2019 00:55,-1
hurt,1oax8o8z,dq8ko3,I will never forgive anyone who hurt me,0,depression,02/11/2019 02:54,-1
afraid,1oax8o8z,dq6pws,I‚Äôm too afraid to ask for help or open up to my freinds because I‚Äôm afraid they‚Äôll get freaked out or I‚Äôll be a burden and they‚Äôll realize they‚Äôre better off without me,0,depression,02/11/2019 00:37,0
depress,1oax8o8z,dpaumm,Being depressed and lonely on ur birthday sucks,3,depression,31/10/2019 02:43,-1
aliv,1oax8o8z,dis39e,I think the main thing keeping myself alive is that my little sisters birthday is coming up and I don‚Äôt wanna do that to her,4,depression,17/10/2019 00:52,1
kill,1oax8o8z,dis0f3,How many milligrams of bupropion would kill me?,1,SuicideWatch,17/10/2019 00:46,-1
insecur,1oax8o8z,ddnx5k,What‚Äôs a strange and specific anxiety or insecurity you think only you have?,11,AskReddit,05/10/2019 22:28,-1
anxieti,1oax8o8z,ddnx5k,What‚Äôs a strange and specific anxiety or insecurity you think only you have?,11,AskReddit,05/10/2019 22:28,-1
suicid,1oax8o8z,d8uza5,When I called the suicide hotline I was too nervous to say anything,3,SuicideWatch,25/09/2019 07:04,-1
bad,1oax8o8z,d7k7cs,Really bad day. Really few months.,1,KindVoice,22/09/2019 10:00,-1
kill,1oax8o8z,d7caq5,All I want is one of two things. The courage to finally kill myself or to know what the fuck is wrong with me so I can finally be accepted by someone.,6,TrueOffMyChest,21/09/2019 23:59,-1
night,1oax8o8z,d12lfw,Last night I had hxh dreams.,3,HunterXHunter,08/09/2019 06:22,1
die,1oax8o8z,d091ar,Freind just said this and I am dying,4,rareinsults,06/09/2019 08:11,0
depress,1oax8o8z,cz6w7p,Anybody find it hard to maintain self respect with crippling loneliness and depression?,2,lonely,04/09/2019 00:07,-1
nobodi,1oax8o8z,cywf5c,If I decided to shoot my self right now nobody outside of my immediate family would notice my absence.,2,SuicideWatch,03/09/2019 06:54,-1
sick,1oax8o8z,cpvwhh,Is anyone else strangely sick of being high functioning?,330,depression,14/08/2019 00:55,-1
nobodi,1oax8o8z,cpjzzs,I fucking hate myself so much. Nobody will ever want to be around me or be my friend.,1,depression,13/08/2019 06:49,0
hate,1oax8o8z,cpjzzs,I fucking hate myself so much. Nobody will ever want to be around me or be my friend.,1,depression,13/08/2019 06:49,0
hang,1oax8o8z,cp7cr6,And a bunch of my ‚Äúfriends‚Äù are hanging out without me. Time to down my Wellbutrin.,1,SuicideWatch,12/08/2019 12:20,0
depress,1oax8o8z,codbg2,Does anybody else feel like depression is truth,5,depression,10/08/2019 12:11,0
nobodi,1oax8o8z,cnx6jq,If I disappeared nobody outside my immediate family would even notice or think twice.,1,depression,09/08/2019 12:15,-1
depress,1oax8o8z,cmjy65,I hate the weight that my extreme depression is putting on my family.,1,depression,06/08/2019 09:16,-1
hate,1oax8o8z,cmjy65,I hate the weight that my extreme depression is putting on my family.,1,depression,06/08/2019 09:16,-1
die,1oax8o8z,cmci53,Waiting for my Xans plug so I can become a drunken bartard then die,0,depression,05/08/2019 23:36,-1
plan,1oax8o8z,clewo6,Anyone else have there will mentally planned out?,1,depression,03/08/2019 12:58,0
hate,1oax8o8z,cl6c2y,I hate waking up.,3,depression,03/08/2019 00:25,-1
hate,1oax8o8z,cfb5vl,Do you guys ever just hate yourself so much that you have to punch yourself?,46,depression,20/07/2019 02:23,-1
nobodi,1oax8o8z,cdm2i1,Nobody ever invites me anywhere,2,depression,16/07/2019 03:21,0
end,1oax8o8z,als46i,"Gay people of Reddit who were in a straight marriage and came out later life, ending that marriage, what is your story and why did you wait so long?",13,AskReddit,01/02/2019 01:51,1
kill,1oax8o8z,9j87uk,"Two thirds of the way there, spider, just gotta kill my heroes.",56,TargetedShirts,27/09/2018 08:41,-1
depress,32np3jka,cqqe91,"2 years since I dropped out of college due to anxiety and depression, I finally signed back up for classes yesterday.",175,depression,15/08/2019 22:15,-1
anxieti,32np3jka,cqqe91,"2 years since I dropped out of college due to anxiety and depression, I finally signed back up for classes yesterday.",175,depression,15/08/2019 22:15,-1
anxieti,32np3jka,combgj,Has anyone experienced an increase of anxiety and anger while on zoloft?,1,depression,11/08/2019 03:18,-1
pretend,32np3jka,cgtp07,I keep pretending to be sick to get out of work,8,offmychest,23/07/2019 23:00,-1
sick,32np3jka,cgtp07,I keep pretending to be sick to get out of work,8,offmychest,23/07/2019 23:00,-1
suicid,wxauitr,bhfpo3,I've upgraded from considering suicide to being terrified of dying and the inevitability of my eventual death,4,depression,26/04/2019 07:56,-1
die,wxauitr,bhfpo3,I've upgraded from considering suicide to being terrified of dying and the inevitability of my eventual death,4,depression,26/04/2019 07:56,-1
depress,wxauitr,b8tms8,The worst part of depression is that it's stolen my personality,167,depression,03/04/2019 12:45,-1
bad,xq71k,dl3z13,Being a sex worker doesn‚Äôt make you a bad person,371,unpopularopinion,22/10/2019 01:36,-1
night,xq71k,df3993,"18M If your up at late at night and lookin for someone to talk to, I‚Äôm your guy.",4,Needafriend,09/10/2019 01:30,0
night,xq71k,devv7o,"18M If your up at late at night and lookin for someone to talk to, I‚Äôm your guy.",5,MakeNewFriendsHere,08/10/2019 13:52,0
despair,xq71k,d7di4o,Despair.,1,depression,22/09/2019 01:32,-1
suicid,xq71k,btcc3j,"After 1 suicide attempt, and one overdose, I GRADUATED!!!!",196,depression,27/05/2019 03:51,-1
live,gngl9yx,7umu00,"Anyone here with atypical lives (atypical job, education, living situation, etc.) can you talk about your life?",52,montreal,02/02/2018 06:57,0
exist,gngl9yx,7uj9hp,"Who else dislike Life or Existence in general, and not just their own life?",4,depression,01/02/2018 22:58,-1
bad,gngl9yx,7rdhhp,Do you ever have this ridiculous yet overwhelming feeling that everything bad about the world is somehow your own fault?,3,depression,19/01/2018 06:18,-1
kill,gngl9yx,7o7y84,When your boyfriend is your only friend and something is making you sad and paranoid about your relationship but you have no one to talk with so your brain keeps chanting KILL YOURSELF! KILL YOURSELF!,3,depression,05/01/2018 10:10,-1
sad,gngl9yx,7o7y84,When your boyfriend is your only friend and something is making you sad and paranoid about your relationship but you have no one to talk with so your brain keeps chanting KILL YOURSELF! KILL YOURSELF!,3,depression,05/01/2018 10:10,-1
suicid,gngl9yx,7ns5ai,The whole Logan Paul or Jake Paul or whoever it was thing is making me hella suicidal because then it shows you how trivial suicide is in today's society.,5,depression,03/01/2018 12:12,-1
hate,gngl9yx,7nbokx,Anyone else hates how close the New Year is to Christmas?,3,depression,01/01/2018 07:10,-1
suicid,gngl9yx,7mzvz2,When you're such a waste that you make your boyfriend suicidal too!!!!!!!!!!((((((:,1,depression,30/12/2017 13:43,-1
suicid,gngl9yx,7lmduw,"Dilemma: I want to break up with my partner so they don't have to deal with my depression, but breaking up with them would pretty much guarantee suicide on my part.",4,depression,23/12/2017 11:33,-1
depress,gngl9yx,7lmduw,"Dilemma: I want to break up with my partner so they don't have to deal with my depression, but breaking up with them would pretty much guarantee suicide on my part.",4,depression,23/12/2017 11:33,-1
cut,gngl9yx,7kpq10,Cutting or obesity ... that is the question.,9,SuicideWatch,19/12/2017 09:04,0
suicid,gngl9yx,7km0sd,It's really weird how someone else's suicide can lead to you having some pretty deep suicidal thoughts yourself.,6,SuicideWatch,18/12/2017 23:52,-1
depress,gngl9yx,7hz0m4,Imagine if the cure to a broken leg was to run a marathon with it. That's what getting help for depression looks like to me.,173,depression,07/12/2017 00:09,-1
depress,gngl9yx,7bqm2n,"At first, loving someone lifts your spirit. But depression is inevitable.",2,depression,09/11/2017 11:07,1
depress,gngl9yx,7a6o6d,"people: ""Find something you like! It will fix your depression!""",17,depression,02/11/2017 05:18,1
suicid,gngl9yx,7a0k6w,Anyone else has suicidal thoughts when they feel any (good or bad) strong emotions?,2,SuicideWatch,01/11/2017 09:42,-1
bad,gngl9yx,7a0k6w,Anyone else has suicidal thoughts when they feel any (good or bad) strong emotions?,2,SuicideWatch,01/11/2017 09:42,-1
depress,gngl9yx,78jjp5,Anyone has gotten fired over depression?,9,Nanny,25/10/2017 06:55,-1
depress,gngl9yx,788exg,"Lost my apartment, lost my job, had to drop out of a few classes ... everything is falling apart because I dared to check myself in for depression.",1,depression,23/10/2017 23:20,-1
lost,gngl9yx,788exg,"Lost my apartment, lost my job, had to drop out of a few classes ... everything is falling apart because I dared to check myself in for depression.",1,depression,23/10/2017 23:20,-1
depress,gngl9yx,782nxy,"I'm trying really hard to stay positive, but knowing that my roommate doesn't want me around her and her child because I have depression, really hurts.",0,depression,23/10/2017 04:18,-1
hurt,gngl9yx,782nxy,"I'm trying really hard to stay positive, but knowing that my roommate doesn't want me around her and her child because I have depression, really hurts.",0,depression,23/10/2017 04:18,-1
lost,gngl9yx,781g7r,This is why I can't have friends. I lost interest in a person within three days.,11,Schizoid,23/10/2017 01:07,1
depress,gngl9yx,77ojmm,"Just go out of the hospital (temporarily) from two weeks of treatment for depression, and my brand new roommate is telling me she would rather have me leave :)",2,depression,21/10/2017 03:45,-1
stupid,gngl9yx,75l712,Would it be a stupid wish to want to be a hospital chef?,7,AskCulinary,11/10/2017 07:50,0
depress,gngl9yx,75gxak,"Triage nurse: ""What can we help you with?"" Me: I don't know I have depression and I'd like to get help managing it."" Triage Nurse: ""Ok but what exactly do you need?"" BITCH I DON'T KNOW I'M NOT THE FUCKING DOCTOR.",18,depression,10/10/2017 21:09,-1
pain,gngl9yx,75dwws,Loving someone is painful.,22,Schizoid,10/10/2017 09:53,1
depress,ybml6,buq56r,"We only wish depression was being ""sad"".",127,depression,30/05/2019 15:11,-1
sad,ybml6,buq56r,"We only wish depression was being ""sad"".",127,depression,30/05/2019 15:11,-1
die,ybml6,btgmau,Your body is a cult in which individual cells are born solely to serve and die for the good of the collective.,3,Showerthoughts,27/05/2019 10:35,-1
kill,ybml6,bsa8zp,So I just completed my Sgail Kill Everyone run...,10,HiTMAN,24/05/2019 08:13,-1
fight,ybml6,blqv8g,[EU] You run a support group for ordinary people whose lives and livelihoods were destroyed in the fights of careless superheroes.,3,WritingPrompts,07/05/2019 21:43,-1
live,ybml6,blqv8g,[EU] You run a support group for ordinary people whose lives and livelihoods were destroyed in the fights of careless superheroes.,3,WritingPrompts,07/05/2019 21:43,-1
bad,ybml6,bj53gg,hello i am bad sprout please carry me,18,ShitpostXIV,01/05/2019 00:08,-1
hate,fnjwoho,dni8g6,I go to one of the best party schools in the country but hate going out,4,CasualConversation,27/10/2019 03:07,-1
hate,fnjwoho,dni3jd,I go to one of the best party schools in the country but hate going out,0,confession,27/10/2019 02:56,-1
hurt,fnjwoho,dibwkb,What‚Äôs the most hurtful thing your parents have said about you?,5,AskReddit,16/10/2019 02:14,-1
bulli,fnjwoho,dibion,When do you find it necessary to bully somebody?,14,AskReddit,16/10/2019 01:48,-1
hate,fnjwoho,dhu06m,What ‚Äúnormal‚Äù thing do you actually hate?,15,AskReddit,15/10/2019 01:36,-1
bad,fnjwoho,dhta5u,What‚Äôs so bad about quiet people?,11,AskReddit,15/10/2019 00:47,-1
hate,fnjwoho,dht72l,What do you secretly hate about ‚Äúnormal‚Äù people?,7,AskReddit,15/10/2019 00:41,-1
bulli,fnjwoho,dht475,When did you have to bully somebody?,5,AskReddit,15/10/2019 00:35,-1
fake,fnjwoho,dh38qx,Is this fake?,12,trees,13/10/2019 08:16,-1
hate,fnjwoho,d6k81c,"Redditors who hate quiet people, why?",2,AskReddit,20/09/2019 04:58,-1
hate,fnjwoho,d3rgj6,"Redditors who hate quiet people, why?",4,AskReddit,14/09/2019 00:07,-1
hate,fnjwoho,d3qlj0,"Redditors who hate quiet people, why?",1,AskReddit,13/09/2019 23:08,-1
live,fnjwoho,d2z1wo,Why do people with good lives like to make fun of those that don‚Äôt?,1,AskReddit,12/09/2019 07:30,1
stupid,fnjwoho,d2t85l,What made you realize you were stupid as fuck?,4,AskReddit,12/09/2019 00:54,-1
hurt,fnjwoho,d2fxf9,What was the most hurtful thing ever said to you?,4,AskReddit,11/09/2019 06:38,-1
kill,fnjwoho,d2fvwp,Would anyone care if I killed myself?,1,AskReddit,11/09/2019 06:35,-1
care,fnjwoho,d2fvwp,Would anyone care if I killed myself?,1,AskReddit,11/09/2019 06:35,-1
bad,fnjwoho,cnut0g,Is there any footage of Norm Macdonald in a bad mood?,12,NormMacdonald,09/08/2019 08:45,-1
pretend,fnjwoho,ckavd3,What have you always pretended to like just to fit in?,13,AskReddit,01/08/2019 00:37,1
bad,fnjwoho,cftqhx,I have a 200 iq but got bad grades in high school because I was lazy,13,circlejerk,21/07/2019 09:46,-1
care,fnjwoho,cducod,"What‚Äôs something you‚Äôre really good at, but don‚Äôt care for?",7,AskReddit,16/07/2019 16:34,1
jump,fnjwoho,cbkchu,What‚Äôs the scariest jump scare on the internet?,5,AskReddit,11/07/2019 02:21,-1
bulli,fnjwoho,cacdxp,When did you realize you were being bullied?,8,AskReddit,08/07/2019 05:42,-1
live,fnjwoho,c26dll,I am the worst and most useless human to ever live,1,depression,19/06/2019 03:07,-1
useless,fnjwoho,c26dll,I am the worst and most useless human to ever live,1,depression,19/06/2019 03:07,-1
bad,fnjwoho,bwt5dr,What are some good shows based around a person keeping a dark secret like Breaking Bad or Death Note?,5,television,05/06/2019 03:48,-1
note,fnjwoho,bwt5dr,What are some good shows based around a person keeping a dark secret like Breaking Bad or Death Note?,5,television,05/06/2019 03:48,-1
kill,1qe0dna6,bnbp7c,I almost killed myself today,188,depression,11/05/2019 20:47,-1
dead,1qe0dna6,a20tqc,I wish I was dead,4,self,01/12/2018 14:43,-1
die,1qe0dna6,9q08r5,I wish I didn‚Äôt want to die,6,offmychest,21/10/2018 10:54,-1
drug,dpxq3vd,dqnrq1,Drugs are probably a gateway to break reality and they are made illegal to prevent people from finding the truth.,1,Showerthoughts,03/11/2019 01:56,-1
drug,dpxq3vd,dqnqh8,What if drugs are a gateway of breaking reality and they are made illegal to prevent people from finding the truth.,1,Showerthoughts,03/11/2019 01:53,-1
depress,dpxq3vd,dpboaz,Would you rather suffer from obesity or depression?,6,WouldYouRather,31/10/2019 03:41,-1
depress,dpxq3vd,dnbnnh,What happens if a non depressed person takes anti depressants?,3,NoStupidQuestions,26/10/2019 17:29,-1
harm,dpxq3vd,dae2id,What should I do after finding out my flatmate has started to self harm?,1,Advice,28/09/2019 17:55,-1
harm,dpxq3vd,cr5qnf,Why do people choose to do things which are self destructive and will harm them?,2,NoStupidQuestions,16/08/2019 20:34,-1
depress,dpxq3vd,cr4yr0,Do you ever find that excessive drinking makes you feel extremely depressed?,29,stopdrinking,16/08/2019 19:18,-1
kill,2mrmx0d3,bbhv5f,Kill Me got removed from spotify?,6,XXXTENTACION,10/04/2019 12:33,-1
depress,2mrmx0d3,bam1f4,"A Depressed persons vocabulary ""I'm fine"" ""Im okay"" ""nah I'm just tired"" ""it's not a big deal"".",260,depression,08/04/2019 06:32,-1
bad,2mrmx0d3,b96i41,doin bad?,2,depression,04/04/2019 09:24,-1
die,2mrmx0d3,aynj6e,how do you wanna die?,9,depression,08/03/2019 15:27,-1
kill,2mrmx0d3,anxmtr,Ash was really happy to kill me.,0,Rainbow6,07/02/2019 08:19,-1
panic,2mrmx0d3,afiejq,How do I identify a panic attack?,4,PanicAttack,13/01/2019 19:04,-1
depress,465ubv7m,ckmvf8,"Has anyone else went to see a therapist to get help from their severe depression, but once you get there your mind is so hazy and forgetful that it makes it extremely difficult to explain your experience?",354,depression,01/08/2019 19:02,-1
sad,5bjl3,djoeho,ARE YOU SAD AS SH*T THAT TORGUE SHAREHOLDERS DECIDED TO F*CKING NEUTER OUR TOP OF THE LINE SHOTGUN? STOP BEING A LITTLE B*TCH AND BLOW THOSE TEARS OFF YOUR F*CKING FACE WITH THIS QUADRUPLE OFFERING OF UNDER-HYPED AND F*CKING EXPLOSIVE TORGUE WEAPONRY! MEEDLYMEEDLY WOWOWOWOWOOOOOWWW *EXPLOSION NOISE*,326,borderlands3,18/10/2019 22:37,-1
cut,5bjl3,d86n63,[SERIOUS] What's the best way to handle a co-worker who constantly cuts people off or talks over them in one-on-one conversation?,8,AskReddit,23/09/2019 21:37,1
die,5bjl3,d5zubf,I'm ready to die,30,KansasCityChiefs,18/09/2019 23:58,-1
pill,5bjl3,cpgo4d,it wasn't until I got to this google images page that I realized I DID in fact take my usual dose at lunch and the pill I took half an hour ago effectively doubled it,1,ADHD,13/08/2019 02:46,1
depress,5bjl3,cmmstv,"After I revealed I‚Äôve had depression for a very long time, a co-worker told me today that I am the most positive and uplifting person at the office to talk to but she‚Äôd known something was wrong because of my eyes.",111,depression,06/08/2019 14:02,-1
jump,5bjl3,ckaks3,"Found this un-redeemed code in my Humble Bundle history. If you want a free jump start on PC, here ya go!",0,DestinyTheGame,01/08/2019 00:16,1
live,5bjl3,cjjrpr,This is Frederick. He lived in our bathroom for 10 days and was discovered and named by my arachnophobic wife.,3,spiderbro,30/07/2019 08:10,0
kill,5bjl3,chvzom,What people think about me seems to be deeply ingrained in how I go about my life. How do I kill that?,21,Stoicism,26/07/2019 08:42,-1
kill,5bjl3,cg2y93,"What is the next industry that millennials will ""kill""?",8,AskReddit,22/07/2019 03:27,0
fight,5bjl3,c4opl5,mfw this little red X pops up when i'm fighting a scorch in my northstar,2,titanfall,24/06/2019 22:22,-1
diagnos,5bjl3,c3be9e,I have noticed increased recklessness after being diagnosed and medicated.,3,ADHD,21/06/2019 22:40,1
suicid,5bjl3,c0lhfg,"Have you ever reported suicidal thoughts to your doctor/psychiatrist? If yes, what happened next?",2,ADHD,14/06/2019 23:33,-1
suicid,5bjl3,c0lh8m,"Have you ever reported suicidal thoughts to your doctor/psychiatrist? If yes, what happened next?",12,antidepressants,14/06/2019 23:33,-1
diagnos,5bjl3,bzuwwu,"Those of you who were diagnosed as adults, not under your parent's roof: Have you told your parent's you have ADHD? If not, do you plan to?",19,ADHD,13/06/2019 02:37,0
plan,5bjl3,bzuwwu,"Those of you who were diagnosed as adults, not under your parent's roof: Have you told your parent's you have ADHD? If not, do you plan to?",19,ADHD,13/06/2019 02:37,0
night,252x02w8,d0g033,Waking up and remembering what you did last night is awesome,16,Petioles,06/09/2019 20:28,1
kill,252x02w8,cwl19g,It‚Äôs not that I want to kill myself. But if I die I wouldn‚Äôt be upset.,209,depression,28/08/2019 21:46,-1
die,252x02w8,cwl19g,It‚Äôs not that I want to kill myself. But if I die I wouldn‚Äôt be upset.,209,depression,28/08/2019 21:46,-1
afraid,252x02w8,cqlffs,I feel like I‚Äôm afraid of everything,1,Anxiety,15/08/2019 13:00,1
cut,252x02w8,clldwc,Already cut back use but still feel like a burnout.,6,Petioles,04/08/2019 01:31,1
afraid,252x02w8,cleq1p,I am afraid to leave the house.,0,Anxiety,03/08/2019 12:37,0
live,dneha,dg2kgd,"Sorry if this gets asked a lot, where should I send my drifting Joy-Cons when I live in Europe (the Netherlands)?",1,nintendo,11/10/2019 02:51,0
plan,dneha,crnp4h,poorly planned rant,3,depression,17/08/2019 23:38,-1
stress,dneha,crne88,"""What do you mean you're exhausted and stressed?! You do nothing all day!""",1,depression,17/08/2019 23:15,-1
abus,dneha,cqngxh,"This may not be as bad as other things here, but mom, please stop saying that abuse ""never happened"" or I ""never told you""",9,raisedbynarcissists,15/08/2019 17:19,-1
bad,dneha,cqngxh,"This may not be as bad as other things here, but mom, please stop saying that abuse ""never happened"" or I ""never told you""",9,raisedbynarcissists,15/08/2019 17:19,-1
live,dneha,coow0b,Is there a game (JRPG or action RPG) where you live in a modern day setting and you discover the remains of an ancient fantasy setting?,2,gamingsuggestions,11/08/2019 06:50,0
hate,dneha,cmc33s,I hate Green Gardens so much.,30,DQBuilders,05/08/2019 23:03,-1
depress,dneha,cdeucv,"Sometimes I just take a few steps back and loudly proclaim ""Holy shit, my life is depressing.""",0,depression,15/07/2019 16:25,-1
bad,dneha,c764vx,Sometimes you don't even realize how bad you feel. Occasionally it dawns on you just how long you've felt this bad and how awful it truly is.,1,depression,30/06/2019 07:26,-1
fight,dneha,bt736y,"Arkham Knight, boss fights and metahumans.",7,BatmanArkham,26/05/2019 19:56,-1
hate,dneha,bmhwjf,I hate being reminded of my childhood.,0,depression,09/05/2019 18:07,-1
diagnos,dneha,blprtb,Recently got diagnosed with chronic insomnia,7,insomnia,07/05/2019 19:53,0
live,kpd9vjd,chnejt,"[H] Sling TV, Grammarly, Edu emails, Malwarebytes, Fubo TV, Pornhub, Scribd, ESPN Plus, Fubo TV, NordVPN, ExpressVPN, Hulu (Live TV + addons), Spotify, Tidal, Napster, Deezer, Headspace, CBS All Access, Xfinity WiFi (Unlock over 50,000 WiFi HOTSPOTS!), Viki Plus Pass, Shudder, and more! [W] BTC",19,redditbay,25/07/2019 21:05,0
stress,kpd9vjd,dd7ram,"Stressed that I'm going to have an episode any second, having trouble managing my emotions and performing daily tasks",7,Psychosis,04/10/2019 22:00,-1
fake,kpd9vjd,d60ly1,ILPT Request: What's the step by step process of making fake IDs?,4,IllegalLifeProTips,19/09/2019 00:52,-1
exist,kpd9vjd,d0vcjr,Do legit online internships exist?,16,WorkOnline,07/09/2019 20:24,0
depress,kpd9vjd,cv9wde,Social Skills for the depressed,2,socialskills,25/08/2019 23:31,-1
live,kpd9vjd,ctybqa,"[H] NBC Sports Gold, Fubo TV, Hulu Live TV, Sling TV, Tidal HiFi, Grammarly, NordVPN, CodeAcademy Premium, and much more! [W] Amazon GC, BTC, LTC, Monero",9,redditbay,22/08/2019 22:37,1
depress,kpd9vjd,cjck03,Tbh reading this sub makes me depressed,31,Psychosis,29/07/2019 23:13,-1
hate,kpd9vjd,cig7w1,Anyone else hate themselves a lot?,13,Psychosis,27/07/2019 19:03,-1
live,kpd9vjd,cf8aot,"[H] Sling TV Orange + Blue, Fubo TV, & Hulu Live TV with 12 month warranty [W] $28 BTC",1,redditbay,19/07/2019 22:34,0
live,kpd9vjd,cf88z0,"[H] Sling TV Orange + Blue, Fubo TV, & Hulu Live TV with 12 month warranty [W] $28 BTC e/a",1,redditbay,19/07/2019 22:30,0
fake,kpd9vjd,cd5eor,What are some popular posts on Reddit that you‚Äôre convinced are fake?,2,AskReddit,15/07/2019 01:07,1
live,kpd9vjd,c7h9a6,Can't live with myself,23,Psychosis,01/07/2019 01:42,0
kill,kpd9vjd,c70ime,ILPT Request: Where can I hire a hitman to kill me?,37,IllegalLifeProTips,29/06/2019 23:51,-1
depress,kpd9vjd,bzc9jt,"Too depressed to be productive, and not depressed enough to kill myself",215,depression,11/06/2019 21:08,-1
kill,kpd9vjd,bzc9jt,"Too depressed to be productive, and not depressed enough to kill myself",215,depression,11/06/2019 21:08,-1
die,nbzp7,boi7tj,Today I woke up and didn‚Äôt want to die.,114,depression,14/05/2019 20:21,-1
end,nbzp7,arsone,Simmons‚Äô pretty floater at the end of the third was with his right hand.,1,sixers,18/02/2019 11:28,1
depress,nbzp7,7afhjt,Owning a business while suffering from depression.,3,depression,03/11/2017 07:23,-1
kill,nbzp7,35l8t8,Seymour Hersh: The White House is lying about the killing of Osama bin Laden,3,Journalism,11/05/2015 20:35,-1
depress,4f6qpmz4,ds0l14,Worst part about depression while being a student...,0,depression,05/11/2019 23:19,-1
alon,4f6qpmz4,dldjyt,So tired of being alone all the time....,0,depression,22/10/2019 13:55,-1
depress,4f6qpmz4,dfuslt,"Im very depressed these days,my parents.. instead of asking me whats wrong and trying to make me feel better,they threaten me with taking my phone and grounding me if i dont stop being depressed,like why??",1,depression,10/10/2019 16:04,-1
suicid,4f6qpmz4,dfhddf,I have reached a very bad level in depression that i think about suicide around 8 times a day,4,depression,09/10/2019 21:54,-1
depress,4f6qpmz4,dfhddf,I have reached a very bad level in depression that i think about suicide around 8 times a day,4,depression,09/10/2019 21:54,-1
bad,4f6qpmz4,dfhddf,I have reached a very bad level in depression that i think about suicide around 8 times a day,4,depression,09/10/2019 21:54,-1
breath,4f6qpmz4,dfaxpt,"I had a dream that something came out of me and i no longer had depression and i was no longer sad,and i was breathing heavily and that it came out,unfortunetly it was just a dream",3,depression,09/10/2019 10:53,-1
depress,4f6qpmz4,dfaxpt,"I had a dream that something came out of me and i no longer had depression and i was no longer sad,and i was breathing heavily and that it came out,unfortunetly it was just a dream",3,depression,09/10/2019 10:53,-1
sad,4f6qpmz4,dfaxpt,"I had a dream that something came out of me and i no longer had depression and i was no longer sad,and i was breathing heavily and that it came out,unfortunetly it was just a dream",3,depression,09/10/2019 10:53,-1
suicid,4f6qpmz4,dea3ej,"Anybody else sick of the ""i feel the same"" you get everytime you try to discuss your depression and suicidal thoughts with someone?",13,SuicideWatch,07/10/2019 05:57,-1
depress,4f6qpmz4,dea3ej,"Anybody else sick of the ""i feel the same"" you get everytime you try to discuss your depression and suicidal thoughts with someone?",13,SuicideWatch,07/10/2019 05:57,-1
sick,4f6qpmz4,dea3ej,"Anybody else sick of the ""i feel the same"" you get everytime you try to discuss your depression and suicidal thoughts with someone?",13,SuicideWatch,07/10/2019 05:57,-1
depress,4f6qpmz4,de9tqy,"Anybody else sick of the ""i feel the same"" you get everytime you try to discuss your depression with someone?",115,depression,07/10/2019 05:37,-1
sick,4f6qpmz4,de9tqy,"Anybody else sick of the ""i feel the same"" you get everytime you try to discuss your depression with someone?",115,depression,07/10/2019 05:37,-1
dead,4f6qpmz4,db0bhz,"I hope being dead is like sleeping,because im tired,i really am,i just want to sleep forever and never wake up again",190,depression,30/09/2019 03:58,0
depress,4f6qpmz4,db09hp,"As much as i hate depression,but i really like the feeling that you arent afraid of anything because everything is already f***ed up and you dont care anyway",0,depression,30/09/2019 03:54,-1
care,4f6qpmz4,db09hp,"As much as i hate depression,but i really like the feeling that you arent afraid of anything because everything is already f***ed up and you dont care anyway",0,depression,30/09/2019 03:54,-1
afraid,4f6qpmz4,db09hp,"As much as i hate depression,but i really like the feeling that you arent afraid of anything because everything is already f***ed up and you dont care anyway",0,depression,30/09/2019 03:54,-1
hate,4f6qpmz4,db09hp,"As much as i hate depression,but i really like the feeling that you arent afraid of anything because everything is already f***ed up and you dont care anyway",0,depression,30/09/2019 03:54,-1
die,zo73woe,bue9q3,Mom died last night going to be needing all your love and support.,235,depression,29/05/2019 20:50,1
night,zo73woe,bue9q3,Mom died last night going to be needing all your love and support.,235,depression,29/05/2019 20:50,1
live,zo73woe,avf80f,Guesses on when update goes live?,5,mkxmobile,28/02/2019 00:20,0
die,zxkm9,d39ghz,"Anybody feel like you died long ago, and you're just a zombified shell?",232,depression,12/09/2019 23:22,-1
bad,zxkm9,crulau,unpopular onion: DAE orange man bad? AITA?,0,circlejerk,18/08/2019 08:52,-1
suicid,zxkm9,a0a3kr,every suicide raises the rate by 0.0000000133,2,teenagersnew,26/11/2018 01:00,-1
exist,zxkm9,9wn49x,this percentage is the chance of there existing alien lizards in our local galaxy cluster,0,teenagersnew,13/11/2018 15:57,1
bad,zxkm9,9mltqf,I just made coffee so bad that I spit it out of my nose while drinking it,5,cafe,09/10/2018 11:40,-1
suicid,37pps7un,bp83bc,Attempted suicide 2 weeks ago. Now I‚Äôm glad it didn‚Äôt work.,9,depression,16/05/2019 12:10,-1
depress,37pps7un,bh71ld,"Do you ever doubt the validity of your depression? And just think that the reason you can‚Äôt do normal things, is just because you‚Äôre a bad person?",178,depression,25/04/2019 18:34,-1
bad,37pps7un,bh71ld,"Do you ever doubt the validity of your depression? And just think that the reason you can‚Äôt do normal things, is just because you‚Äôre a bad person?",178,depression,25/04/2019 18:34,-1
live,sxayj,c555wh,Advice on keeping a good and consistent live tone?,7,Bass,25/06/2019 16:30,1
kill,sxayj,brffm6,Nobody gives a fucking shit about you until you mention killing yourself.,200,depression,22/05/2019 04:27,-1
nobodi,sxayj,brffm6,Nobody gives a fucking shit about you until you mention killing yourself.,200,depression,22/05/2019 04:27,-1
live,sxayj,bpwuu9,What's a good resource for a beginner to learn how to create good live sound?,10,livesound,18/05/2019 05:15,1
suicid,sxayj,bihedk,Suicide is most definitely a solution and it is objectively wrong to state otherwise.,44,unpopularopinion,29/04/2019 07:17,-1
hate,sxayj,bihbng,I hate myself so god damn fucking much.,1,offmychest,29/04/2019 07:09,-1
die,sxayj,b5dzsa,I cannot do anything positive or productive without feeling like I want to die. Please help me.,0,GetMotivated,26/03/2019 01:57,-1
plan,sxayj,ab7zpz,"What are your New Year's Eve plans, Reddit?",1,AskReddit,31/12/2018 23:21,0
sad,sxayj,a9qx66,I had a small interaction with a beautiful girl today and I'm sad that I'll likely never see her again.,2,offmychest,27/12/2018 02:22,1
depress,sxayj,a75bns,Feel depressed thinking about work.,0,offmychest,18/12/2018 07:36,-1
bad,sxayj,a5ywy2,Laziness is only bad when it's a detriment to society or other people.,5,unpopularopinion,14/12/2018 07:17,-1
night,sxayj,a1yxkh,How are you spending your Friday night?,25,AskReddit,01/12/2018 10:10,0
nobodi,sxayj,9zi9o8,"Does anyone else feel generally good about themselves, but otherwise feel like nobody would want to be with you?",38,lonely,23/11/2018 05:41,1
hate,sxayj,9ynup1,I hate this subreddit.,0,offmychest,20/11/2018 10:42,-1
night,sxayj,9r4xsk,Last night I had my first shower while high...,19,trees,25/10/2018 07:33,0
live,sxayj,9odx7t,Is the Fender Rumble Stage 800 good for live shows?,7,Bass,15/10/2018 23:56,1
die,sxayj,9iiamf,I don't want to do things I dislike if I'm just going to die eventually.,1,offmychest,24/09/2018 22:18,-1
disord,sxayj,9ea8em,The shitty fucking reality of having social anxiety disorder.,1,offmychest,09/09/2018 11:54,-1
anxieti,sxayj,9ea8em,The shitty fucking reality of having social anxiety disorder.,1,offmychest,09/09/2018 11:54,-1
disord,sxayj,9asmkq,"Those with an anxiety disorder, how are you doing today?",30,AskReddit,28/08/2018 04:45,-1
anxieti,sxayj,9asmkq,"Those with an anxiety disorder, how are you doing today?",30,AskReddit,28/08/2018 04:45,-1
anxieti,sxayj,911zyj,I have terrible work anxiety. It's keeping me from living the life I want.,6,Anxiety,23/07/2018 07:15,-1
live,sxayj,911zyj,I have terrible work anxiety. It's keeping me from living the life I want.,6,Anxiety,23/07/2018 07:15,-1
bad,sxayj,8zzl93,"If you have bad phone anxiety, please give this a try.",5,Anxiety,19/07/2018 05:25,-1
anxieti,sxayj,8zzl93,"If you have bad phone anxiety, please give this a try.",5,Anxiety,19/07/2018 05:25,-1
depress,sxayj,8u5bp4,"If I had to decide between depression and anxiety, I would choose depression.",23,Anxiety,27/06/2018 08:53,-1
anxieti,sxayj,8u5bp4,"If I had to decide between depression and anxiety, I would choose depression.",23,Anxiety,27/06/2018 08:53,-1
care,sxayj,8u3rc5,"""there are people who care about you""",19,depression,27/06/2018 05:12,1
night,sxayj,8sbgda,I'm having trouble getting a consistent good night's sleep. Any help?,2,Advice,20/06/2018 02:58,1
sick,214meu31,dnfjx5,"An upcoming visit, and I'm already feeling sick about it. Hoping to find some support here.",6,EstrangedAdultChild,26/10/2019 23:47,1
useless,214meu31,dn9ia9,That constant feeling of uselessness and self-disgust,0,depression,26/10/2019 13:11,-1
depress,214meu31,deykfr,A truly scary aspect of depression is that there is no creepy guy in a trenchcoat whispering in your ear what a piece of shit you are. The voice you're hearing is your own.,12,depression,08/10/2019 19:21,-1
kill,214meu31,dai9bw,"Which is worse, killing myself and leaving behind others to feel pain, or not killing myself and others feeling endlessly obligated to support me, convince me I'm not a bad person, listen to my bullshit, etc. etc. etc.?",7,SuicideWatch,29/09/2019 00:32,-1
pain,214meu31,dai9bw,"Which is worse, killing myself and leaving behind others to feel pain, or not killing myself and others feeling endlessly obligated to support me, convince me I'm not a bad person, listen to my bullshit, etc. etc. etc.?",7,SuicideWatch,29/09/2019 00:32,-1
bad,214meu31,dai9bw,"Which is worse, killing myself and leaving behind others to feel pain, or not killing myself and others feeling endlessly obligated to support me, convince me I'm not a bad person, listen to my bullshit, etc. etc. etc.?",7,SuicideWatch,29/09/2019 00:32,-1
depress,214meu31,coxt84,"I'm starting to see AvPD as a symptom rather than ""the problem"". For me, it's a consequence related to being incredibly sensitive and hypervigilant, which are probably symptoms of underlying depression + anxiety.",5,AvPD,11/08/2019 23:07,-1
anxieti,214meu31,coxt84,"I'm starting to see AvPD as a symptom rather than ""the problem"". For me, it's a consequence related to being incredibly sensitive and hypervigilant, which are probably symptoms of underlying depression + anxiety.",5,AvPD,11/08/2019 23:07,-1
pain,214meu31,coni90,Other people are a constant source of pain.,1,AvPD,11/08/2019 04:54,-1
suicid,214meu31,ck913s,"The reality of depression: Yesterday I was googling ""most effective suicide methods"". Today I feel fine.",232,depression,31/07/2019 22:12,-1
depress,214meu31,ck913s,"The reality of depression: Yesterday I was googling ""most effective suicide methods"". Today I feel fine.",232,depression,31/07/2019 22:12,-1
stupid,214meu31,cfzvmp,"Shame on stupid parents for letting their kids walk and sit on restaurant tables. Seriously, screw you.",23,childfree,21/07/2019 22:59,-1
hate,214meu31,cefv7c,"I absolutely hate when I find out that a musician, actor, comedian, author, etc. I once respected has kids.",21,antinatalism,18/07/2019 01:21,0
depress,214meu31,brs34c,What's the point of surviving if I'm still just as depressed and unmotivated as ever?,13,depression,23/05/2019 02:10,-1
depress,214meu31,bbxf20,IBS and depression anyone?,9,ibs,11/04/2019 16:30,-1
disord,214meu31,b6utay,"I hate the word ""avoidant"" and I REALLY hate the concept of ""personality disorder"" but . . .",10,AvPD,29/03/2019 16:47,-1
hate,214meu31,b6utay,"I hate the word ""avoidant"" and I REALLY hate the concept of ""personality disorder"" but . . .",10,AvPD,29/03/2019 16:47,-1
depress,214meu31,b6u0mx,Anyone else become completely self-absorbed and self-centered when depressed?,14,depression,29/03/2019 14:51,-1
depress,214meu31,b6rx5u,A typical day when I'm depressed,3,depression,29/03/2019 10:35,-1
pain,214meu31,b6f9i2,"The pain comes and goes in waves, but it's always sort of just there.",3,EstrangedAdultChild,28/03/2019 14:16,-1
die,214meu31,b5li2u,One of the few people in the world I could relate to and who could relate to me died. I'll miss him so much.,3,AvPD,26/03/2019 12:55,-1
breath,214meu31,b3n18d,So depressed it takes effort to breathe today. I hate days like this.,12,depression_help,21/03/2019 14:06,-1
depress,214meu31,b3n18d,So depressed it takes effort to breathe today. I hate days like this.,12,depression_help,21/03/2019 14:06,-1
hate,214meu31,b3n18d,So depressed it takes effort to breathe today. I hate days like this.,12,depression_help,21/03/2019 14:06,-1
hate,214meu31,b0dwzl,Starting to get glimpses of forgiveness... a term I used to hate,9,EstrangedAdultChild,13/03/2019 06:15,-1
pain,214meu31,ay7sr5,"""Acknowledge the pain, and move forward"". Except that I can't. (rant)",6,EstrangedAdultChild,07/03/2019 11:07,-1
live,214meu31,axfcfz,I wish we could all start a big new family with each other to fill in the missing pieces of each of our lives.,5,EstrangedAdultChild,05/03/2019 09:38,0
care,214meu31,au5dxl,I hate that in order to better care for myself I had to hurt other people by creating distance.,5,EstrangedAdultChild,24/02/2019 14:43,0
hurt,214meu31,au5dxl,I hate that in order to better care for myself I had to hurt other people by creating distance.,5,EstrangedAdultChild,24/02/2019 14:43,0
hate,214meu31,au5dxl,I hate that in order to better care for myself I had to hurt other people by creating distance.,5,EstrangedAdultChild,24/02/2019 14:43,0
pain,214meu31,aslmhn,Why is it as painful to have them out of my life as it was when they were in it? Sometimes even worse actually...,6,EstrangedAdultChild,20/02/2019 15:48,-1
depress,214meu31,arjh0o,"Chills, a feeling of dread, and intense depression after",4,ibs,17/02/2019 18:38,-1
sad,214meu31,appjgb,Sometimes I'm so angry. Sometimes relieved. But the worst is feeling sad.,14,EstrangedAdultChild,12/02/2019 12:49,-1
alon,214meu31,ammrcc,There's so few new posts here that I feel even more alone about my estrangement.,14,EstrangedAdultChild,03/02/2019 13:32,-1
pain,214meu31,afsy56,One of those days where I'm so tired of ruminating and all the pain that I'm tempted to contact them - I need some support,9,EstrangedAdultChild,14/01/2019 14:19,-1
pain,214meu31,9ucakr,"Lately life just feels like a series of physical and emotional pain. If I don't adapt and adjust, I'm in big trouble.",0,offmychest,05/11/2018 18:01,-1
live,214meu31,9rk2hb,"Of the thousands of people I've met, worked with, lived near, been related to, etc. during my lifetime I can count actual friends on one hand.",2,AvPD,26/10/2018 19:56,1
kill,214meu31,9rk269,I'm simultaneously afraid of so many things and thinking about killing myself. It doesn't make sense.,4,Anxiety,26/10/2018 19:54,-1
afraid,214meu31,9rk269,I'm simultaneously afraid of so many things and thinking about killing myself. It doesn't make sense.,4,Anxiety,26/10/2018 19:54,-1
hurt,214meu31,9qoqo6,"Am virtually estranged from toxic siblings for a few years now, but my heart still hurts.",2,AvPD,23/10/2018 21:01,-1
depress,214meu31,9qoi30,"[Serious] Redditors with depression and anxiety, what helps you the most?",154,AskReddit,23/10/2018 20:30,-1
anxieti,214meu31,9qoi30,"[Serious] Redditors with depression and anxiety, what helps you the most?",154,AskReddit,23/10/2018 20:30,-1
depress,214meu31,9qckkn,When I'm sick I get depressed. When I'm tired I get depressed. When there's a problem at work or with a relationship I get depressed.,4,depression,22/10/2018 18:33,-1
sick,214meu31,9qckkn,When I'm sick I get depressed. When I'm tired I get depressed. When there's a problem at work or with a relationship I get depressed.,4,depression,22/10/2018 18:33,-1
depress,214meu31,9obkp1,What do you believe is the cause of your depression?,0,depression,15/10/2018 18:46,-1
pain,214meu31,9nj5bm,"My pain tells me it's CPTSD, but my brain is telling me I'm just overreacting.",11,CPTSD,12/10/2018 18:36,-1
hate,214meu31,9n9amf,"I hate that a flare up can change me from a strong, healthy person into a paranoid, quivering mess.",14,ibs,11/10/2018 19:56,-1
anxieti,214meu31,9n98yl,Where in your body do you feel your anxiety the most?,11,Anxiety,11/10/2018 19:49,0
depress,214meu31,9m5l65,"I usually get very depressed at the same time my system is messed up. I don't know which comes first, the diarrhea or the depression/anxiety.",17,ibs,07/10/2018 22:51,-1
depress,214meu31,9bscgw,Every time I have diarrhea it's followed by a major bout of depression.,4,ibs,31/08/2018 18:07,-1
cut,2z7c3nuw,cmaw26,Hey! Got cut off at 70 on national registry.,10,NewToEMS,05/08/2019 21:20,-1
panic,2z7c3nuw,ckqw7g,NREMT PANIC,6,NewToEMS,02/08/2019 00:46,-1
note,2z7c3nuw,bz5d2z,I deleted my note!,144,depression,11/06/2019 08:04,0
dead,2z7c3nuw,ar30vo,"The view from the Masada Fortress in Israel, you can see the Dead Sea in the distance.",11,travel,16/02/2019 08:03,-1
dead,2z7c3nuw,akpaqo,The Dead Sea in Israel!,56,travel,29/01/2019 00:50,-1
depress,ljomj,cmcier,I shouldn't have to lie about my depression to get a sick day,167,depression,05/08/2019 23:37,-1
sick,ljomj,cmcier,I shouldn't have to lie about my depression to get a sick day,167,depression,05/08/2019 23:37,-1
die,ljomj,7k80sf,20% off to look like a spider died on your face!,1,Youniqueamua,17/12/2017 00:51,-1
bad,ljomj,5mzo6x,I feel like I'm mentally retarded and everybody is just being nice to me because they feel bad for me.,5,depression,10/01/2017 03:18,-1
kill,ljomj,521h73,The only thing that keeps me from killing myself is my cat,16,depression,10/09/2016 12:09,-1
depress,2pp5kao,dpl4bu,High-functioning depression: I feel like I'm living a double life.,223,depression,31/10/2019 17:36,-1
live,2pp5kao,dpl4bu,High-functioning depression: I feel like I'm living a double life.,223,depression,31/10/2019 17:36,-1
hang,yp2ke,dlfw2v,Anyone else barely hanging on to life with no motivation whatsoever?,307,depression,22/10/2019 18:19,0
fight,8o400hx,dcw1qh,BattleBots obliterates a YouTube channel uploading pirated videos of some of the fights from this season,119,battlebots,04/10/2019 03:47,-1
depress,8o400hx,dck8hr,Anyone else get lost in their daydreams and get hit with a wave of depression when you snap back to reality?,132,depression,03/10/2019 09:48,-1
lost,8o400hx,dck8hr,Anyone else get lost in their daydreams and get hit with a wave of depression when you snap back to reality?,132,depression,03/10/2019 09:48,-1
die,8o400hx,d2ct2z,i want die,0,Layer,11/09/2019 03:21,-1
stress,8o400hx,cjvzsk,Don‚Äôt you hate it when your mom takes you to therapy for stress and anxiety and then gets mad at you later when your anxiety flares up,0,teenagers,31/07/2019 02:34,-1
anxieti,8o400hx,cjvzsk,Don‚Äôt you hate it when your mom takes you to therapy for stress and anxiety and then gets mad at you later when your anxiety flares up,0,teenagers,31/07/2019 02:34,-1
hate,8o400hx,cjvzsk,Don‚Äôt you hate it when your mom takes you to therapy for stress and anxiety and then gets mad at you later when your anxiety flares up,0,teenagers,31/07/2019 02:34,-1
depress,8o400hx,bvt9to,My therapist officially diagnosed me with depression today,29,teenagers,02/06/2019 11:31,-1
diagnos,8o400hx,bvt9to,My therapist officially diagnosed me with depression today,29,teenagers,02/06/2019 11:31,-1
depress,8o400hx,bdbyf2,What depression feels like,4,teenagers,15/04/2019 12:27,-1
hung,8o400hx,as181s,Oh my god someone hung one of the llamas in our Spanish room,1,teenagersnew,19/02/2019 03:51,1
night,8o400hx,ara6gd,Look who payed me a visit last night,7,softwaregore,17/02/2019 00:16,0
dead,8o400hx,aq2aaw,There‚Äôs no way to prove that you‚Äôre dead and everything and everyone around is just part of the afterlife.,6,Showerthoughts,13/02/2019 11:48,-1
anxieti,8o400hx,apdovj,"Less of an anxiety thing and more of a phobia stress/fear, but I figured there might be some people here that could help. (Long post)",0,Anxiety,11/02/2019 15:01,1
die,8o400hx,ap80s6,This meme will die along with my hopes and dreams,5,dankmemes,11/02/2019 04:29,0
dead,8o400hx,aog0jg,Dead meme but I forgot I made this,3,dankmemes,08/02/2019 20:23,-1
dead,8o400hx,akfp43,Dead meme but I finally have enough karma to post this,0,dankmemes,28/01/2019 04:54,-1
depress,yrhnf,846orm,Too depressed to care about News?,1,depression,14/03/2018 02:53,0
care,yrhnf,846orm,Too depressed to care about News?,1,depression,14/03/2018 02:53,0
pill,yrhnf,7ngp0m,I was on a sickening amount of gas station Caffeine pills doing this stand up comedy set. i couldn't feel my fingers. How'd i do?,141,Drugs,02/01/2018 02:36,-1
bad,yrhnf,7ngkyp,"Just uploaded. What do you think? Good, bad, quality concerns, good submission vid, IS IT FUNNY??? Please put it thru the grinder.",23,Standup,02/01/2018 02:18,1
suicid,yrhnf,6mplah,Suicide ice cream,156,depression,12/07/2017 06:03,-1
drug,yrhnf,6kwnc1,Antidepressants are performance enhancing drugs for not crying in public,6,depression,03/07/2017 08:21,1
drug,yrhnf,6khj33,Antidepressants are performance enhancing drugs for not crying in public,0,after_shower_thoughts,01/07/2017 01:47,1
care,yrhnf,59vdyy,Finally! Showing they care about the common man!,1,transit,29/10/2016 00:32,1
depress,2a7r7a6b,d9aj9r,Recent grad feeling depressed over how hard it is to get that first job,54,userexperience,26/09/2019 06:24,-1
hide,2a7r7a6b,csse2r,Didn't Have Friends My Whole Life. Should I Hide that from People?,4,askgaybros,20/08/2019 11:46,-1
hate,2a7r7a6b,9ld1ak,"Does anyone habitually say things like ""I fucking hate myself""",266,depression,04/10/2018 23:43,-1
kill,15tckt,dcb40b,I‚Äôm killing myself [update],139,depression,02/10/2019 22:40,-1
kill,15tckt,dap72q,I‚Äôm killing myself.,22,depression,29/09/2019 10:05,-1
alon,15tckt,bvge9p,I feel so alone. I know no one would care if I was gone.,1,depression,01/06/2019 11:08,0
care,15tckt,bvge9p,I feel so alone. I know no one would care if I was gone.,1,depression,01/06/2019 11:08,0
hate,15tckt,brv8jh,I hate myself and Tyler the creator.,3,tylerthecreator,23/05/2019 06:31,-1
end,15tckt,bhw6en,Question about an end scene of endgame,1,marvelstudios,27/04/2019 14:01,0
end,15tckt,88e18p,Why do stores end prices with .99?,0,explainlikeimfive,31/03/2018 05:48,0
hate,359tqx28,codh5z,"Not hating on Trump, I‚Äôm from …ê·¥âl…ê…π ásn‚àÄ, but this is so good",0,Music,10/08/2019 12:27,1
commit,359tqx28,bsdktm,How do you prove Will Smith committed a crime?,1,Jokes,24/05/2019 14:36,-1
depress,359tqx28,bejryd,"‚ÄúPeople with depression don‚Äôt want to die, they just don‚Äôt want to be alive‚Äù",168,depression,18/04/2019 18:06,-1
die,359tqx28,bejryd,"‚ÄúPeople with depression don‚Äôt want to die, they just don‚Äôt want to be alive‚Äù",168,depression,18/04/2019 18:06,-1
aliv,359tqx28,bejryd,"‚ÄúPeople with depression don‚Äôt want to die, they just don‚Äôt want to be alive‚Äù",168,depression,18/04/2019 18:06,-1
live,olj4b,8404o9,I¬¥ve been told my whole childhood how intelligent I was. Now I can't live up to those expectations put upon me by others and myself. I feel like a failure.,170,depression,13/03/2018 08:42,1
hate,300i7ern,cle0z7,[Serious] What is something you thought you'd hate but actually enjoyed?,39,AskReddit,03/08/2019 11:24,1
live,300i7ern,ckdfdj,[Serious] What are some good reasons to live for?,49,AskReddit,01/08/2019 03:48,1
suicid,300i7ern,ciph71,Suicide seems more and more real,0,depression,28/07/2019 08:53,-1
cut,300i7ern,bvyx2t,First time I cut somewhere different rather than my arms,0,selfharm,03/06/2019 00:06,-1
sad,300i7ern,bvup45,"Anyone else have underlying sadness even when doing something ""fun""?",172,depression,02/06/2019 14:43,-1
kill,300i7ern,bszdlv,I wish i had the courage to go through with killing myself,6,TheMonkeysPaw,26/05/2019 04:44,0
cut,yx9w7,cz5upn,Toxic Friends: Do you keep or cut loose?,4,friendship,03/09/2019 22:48,0
depress,yx9w7,cxnela,"People don't realize that coming over and just sitting with you, watching tv or having food or whatever, while you're depressed is the best feeling.",94,depression,31/08/2019 05:45,1
nobodi,12s4pe,cutf70,Is anyone else really pissed off how nobody acknowledges Hannah‚Äôs existence this season?,13,13ReasonsWhy,24/08/2019 21:31,-1
exist,12s4pe,cutf70,Is anyone else really pissed off how nobody acknowledges Hannah‚Äôs existence this season?,13,13ReasonsWhy,24/08/2019 21:31,-1
hurt,12s4pe,bekdvh,Buy me the Xbox and nobody gets hurt,80,Badfaketexts,18/04/2019 19:24,-1
nobodi,12s4pe,bekdvh,Buy me the Xbox and nobody gets hurt,80,Badfaketexts,18/04/2019 19:24,-1
lost,12s4pe,a6kryt,"Furries adopt lost child, are forced to give her back after they are found out by their boss",5,ExplainAFilmPlotBadly,16/12/2018 09:04,-1
depress,12s4pe,7wxhb4,welcome to my profile I'm depressed and post about it a lot,0,u_LilGidGid,12/02/2018 10:05,0
depress,12s4pe,7tk5tf,"Anyone else feel like their ""fake depressed""?",166,depression,28/01/2018 21:12,0
fake,12s4pe,7tk5tf,"Anyone else feel like their ""fake depressed""?",166,depression,28/01/2018 21:12,0
depress,1ephequh,djprfs,Being underweight validates my depression to me,0,EDAnonymous,19/10/2019 00:15,-1
kill,1ephequh,dfaoga,I want to die but killing myself would be a just another burden to everyone around me,2,SuicideWatch,09/10/2019 10:31,-1
die,1ephequh,dfaoga,I want to die but killing myself would be a just another burden to everyone around me,2,SuicideWatch,09/10/2019 10:31,-1
suicid,1ephequh,deo6bi,When your abuser is still sending you death threats but you'd rather commit suicide then let them have that over you,0,CPTSDmemes,08/10/2019 03:14,-1
abus,1ephequh,deo6bi,When your abuser is still sending you death threats but you'd rather commit suicide then let them have that over you,0,CPTSDmemes,08/10/2019 03:14,-1
commit,1ephequh,deo6bi,When your abuser is still sending you death threats but you'd rather commit suicide then let them have that over you,0,CPTSDmemes,08/10/2019 03:14,-1
abus,1ephequh,chy3h3,"I left my abusive N-parents without a word or any way they can contact me, but I miss my other family members I left behind",15,LifeAfterNarcissism,26/07/2019 12:11,-1
abus,1ephequh,c3zkgr,Crippling guilt when considering leaving abusive people behind?,15,CPTSD,23/06/2019 13:15,-1
disord,1ephequh,c3zh5h,Nparents gave me an eating disorder from starving me my entire childhood,5,raisedbynarcissists,23/06/2019 13:05,-1
depress,1ephequh,bkit8n,"Depression is the hot funny meme until you're not sleeping, not eating, and hoping you'll die in a car accident",112,depression,04/05/2019 15:44,-1
die,1ephequh,bkit8n,"Depression is the hot funny meme until you're not sleeping, not eating, and hoping you'll die in a car accident",112,depression,04/05/2019 15:44,-1
pretend,1ephequh,b9j3nc,When you want to gain muscle to look fit but you're already too skeletal to pretend you have muscles to grow,0,EDanonymemes,05/04/2019 06:09,1
die,1ephequh,a4iwfl,"Every time OMOCAT releases a new clothing line, my hope for this game dies a bit more",6,OMORI,09/12/2018 14:44,1
suicid,40yuhdya,cs2ogj,"I convinced myself I was going to commit suicide sometime in the next 2 weeks. Then I walked to the kitchen and saw my beautiful, loving family. Now I cant stop crying",153,depression,18/08/2019 23:36,1
commit,40yuhdya,cs2ogj,"I convinced myself I was going to commit suicide sometime in the next 2 weeks. Then I walked to the kitchen and saw my beautiful, loving family. Now I cant stop crying",153,depression,18/08/2019 23:36,1
depress,40yuhdya,cmctqo,My best friend is superior to me in every way and its hurting my depression,98,howtonotgiveafuck,06/08/2019 00:00,1
hurt,40yuhdya,cmctqo,My best friend is superior to me in every way and its hurting my depression,98,howtonotgiveafuck,06/08/2019 00:00,1
aliv,3lplxlry,bgtydh,Why the fuck does being alive always have to feel like an uphill battle. I can't fucking ever keep up.,105,depression,24/04/2019 20:22,-1
fight,4bkncnlr,dr3c94,No one around me really appreciates the battles I fight,4,depression,04/11/2019 01:09,-1
depress,4bkncnlr,dob24z,Depression put a damper on my creativity,13,depression,29/10/2019 00:18,-1
sad,4bkncnlr,dag42q,Does anyone have these incredibly sad dreams that make one cry in real life?,1,depression,28/09/2019 21:40,-1
depress,4bkncnlr,d6dxpl,Feel like I'll never be able to have a normal loving relationship because of my depression and my personality,220,depression,19/09/2019 21:19,1
sick,4bkncnlr,d3mpqq,I'm so sick of not having regular periods even though I tried everything,22,PCOS,13/09/2019 17:29,-1
alon,1346l3,cyw4kz,"When almost all of your favourite people to work with all left months ago, and one of the last few people you enjoyed working with was sent to another store and you're barring alone",6,starbucks,03/09/2019 06:30,1
suicid,1346l3,ct6huc,DAE end up feeling extremely depressed or suicidal because of their skin?,18,acne,21/08/2019 05:23,-1
depress,1346l3,ct6huc,DAE end up feeling extremely depressed or suicidal because of their skin?,18,acne,21/08/2019 05:23,-1
end,1346l3,ct6huc,DAE end up feeling extremely depressed or suicidal because of their skin?,18,acne,21/08/2019 05:23,-1
live,1346l3,c0ftue,How do y'all manage to live as human beings?,24,ADHD,14/06/2019 12:29,0
afraid,1346l3,bv42or,I wish someone was looking out for me and I really wish someone was afraid to lose me,7,SuicideWatch,31/05/2019 14:24,1
bad,1346l3,avxsr4,Why do bad trips happen and where do they come from?,22,shrooms,01/03/2019 07:45,-1
note,1346l3,ah74im,What app should I use to keep encrypted notes or files in?,10,encryption,18/01/2019 13:16,0
suicid,1346l3,87g0wg,"Nobody cares if you're suicidal, only if you commit suicide",104,depression,27/03/2018 13:44,-1
care,1346l3,87g0wg,"Nobody cares if you're suicidal, only if you commit suicide",104,depression,27/03/2018 13:44,-1
nobodi,1346l3,87g0wg,"Nobody cares if you're suicidal, only if you commit suicide",104,depression,27/03/2018 13:44,-1
commit,1346l3,87g0wg,"Nobody cares if you're suicidal, only if you commit suicide",104,depression,27/03/2018 13:44,-1
die,1346l3,7gs1sm,I watched her die,10,offmychest,01/12/2017 11:02,-1
diagnos,1hhszwf9,b5unuc,I‚Äôve been diagnosed for 20 years - yesterday I quit my $100k+ high pressure sales job to become an 8th grade science teacher.,185,depression,27/03/2019 04:15,-1
drug,1hhszwf9,ayrj38,"Cowboys star DE chooses to quit NFL over drug policy. States ‚Äúplants over pills‚Äù. You have our support, David!",735,trees,08/03/2019 23:31,1
pill,1hhszwf9,ayrj38,"Cowboys star DE chooses to quit NFL over drug policy. States ‚Äúplants over pills‚Äù. You have our support, David!",735,trees,08/03/2019 23:31,1
suicid,1hhszwf9,awjvgi,TIL 2 fathers of children that were allowed to sleep in a bed with Michael Jackson later committed suicide.,6,todayilearned,03/03/2019 01:15,-1
commit,1hhszwf9,awjvgi,TIL 2 fathers of children that were allowed to sleep in a bed with Michael Jackson later committed suicide.,6,todayilearned,03/03/2019 01:15,-1
live,1hhszwf9,abkqg0,And the Madden Curse lives on....,74,Madden,02/01/2019 02:54,-1
aliv,1hhszwf9,a7q45o,"I am so happy right now. Halo 2 is alive and well, folks!",9,gaming,20/12/2018 04:17,1
live,1hhszwf9,a7gk49,I‚Äôm so happy right now! Halo2 lives on PC!,21,videogames,19/12/2018 07:26,1
care,1hhszwf9,a4ic3u,Anyone care to help me build a budget squad?,0,FIFA,09/12/2018 13:12,1
jump,1hhszwf9,a0n9o9,"Is this a good deal for entry/ mid level gaming? Yes, I‚Äôm making the jump from XBox!",17,pcmasterrace,27/11/2018 04:39,1
kill,1hhszwf9,9wh1a2,MFW No Money Spent Haters (NMSH) try to kill my vibe with downvoted.,3,MaddenUltimateTeam,13/11/2018 03:13,-1
night,1hhszwf9,9rv0nr,"Purchased the 4X Spooky Legends Bundle, but didn‚Äôt get any Night Giardians?",51,MaddenUltimateTeam,27/10/2018 23:19,0
night,1hhszwf9,9pedjp,Listen Live! Pirates Coaches Show - Live with Coach Brown. Thursday night @ 7pm CST,1,lastchanceU,19/10/2018 07:22,0
live,1hhszwf9,9pedjp,Listen Live! Pirates Coaches Show - Live with Coach Brown. Thursday night @ 7pm CST,1,lastchanceU,19/10/2018 07:22,0
bad,1hhszwf9,8wg7oq,Update from this Morning : Bad Pack Luck,5,MaddenUltimateTeam,06/07/2018 09:58,0
abus,1hhszwf9,8snsvd,The celebrated life of dead rapper XXXTentacion only proves that the youth doesn‚Äôt understand the gravity of physically abusing women.,179,Showerthoughts,21/06/2018 09:23,-1
dead,1hhszwf9,8snsvd,The celebrated life of dead rapper XXXTentacion only proves that the youth doesn‚Äôt understand the gravity of physically abusing women.,179,Showerthoughts,21/06/2018 09:23,-1
suicid,lpkba,96bg1q,Feel like my life will eventually end up in suicide with every passing day.,1,depression,11/08/2018 06:20,-1
end,lpkba,96bg1q,Feel like my life will eventually end up in suicide with every passing day.,1,depression,11/08/2018 06:20,-1
kill,lpkba,7oj0z0,Want to kill myself but..,5,SuicideWatch,06/01/2018 20:39,-1
depress,lpkba,7oevtt,Have you ever felt so lonely or depressed you started crying randomly?,3,depression,06/01/2018 06:28,-1
die,lpkba,7k7hr8,I want to die.,1,depression,16/12/2017 23:15,-1
die,lpkba,7fvlim,I wish dying was easier...,3,SuicideWatch,27/11/2017 22:42,1
kill,lpkba,5cn8lk,Only reason I haven't killed myself is because I don't want my closed ones to grieve.,4,depression,13/11/2016 07:53,0
depress,lpkba,4i203m,"Depression is when you don't really care about anything, anxiety is when you care too much about everything. And having both is just like hell.",147,depression,06/05/2016 05:12,-1
care,lpkba,4i203m,"Depression is when you don't really care about anything, anxiety is when you care too much about everything. And having both is just like hell.",147,depression,06/05/2016 05:12,-1
anxieti,lpkba,4i203m,"Depression is when you don't really care about anything, anxiety is when you care too much about everything. And having both is just like hell.",147,depression,06/05/2016 05:12,-1
depress,y4yb908,9o8sa3,Anyone else stay awake late just because the idea of ‚Äútomorrow‚Äù feeling exactly like today is such a depressing thought?,101,depression,15/10/2018 10:36,0
depress,r8xyh,ce7tl7,"Cheers to everyone on here, this sub is the only place I feel accepted. We may be depressed, but we are never dicks to one another or reject each other's voices.",129,depression,17/07/2019 12:08,-1
depress,r8xyh,ce51qo,"I've reached the point of disconnection that I even consider asking ""Non-depressed people, what is it like to be not depressed? How does your typical day usually go?"" on ask-type subs.",0,depression,17/07/2019 07:46,1
depress,r8xyh,c8v1m2,(Serious) This is a long shot but anyone out there lurking this sub who's from the future? I wasted my college years being depressed. Sorry if this sounds like a joke.,0,depression,04/07/2019 07:06,-1
sick,r8xyh,bqz1p5,"What very common ""everyday"" sickness that would have had the highest probability to wipe out humanity if it was introduced centuries ago?",12,NoStupidQuestions,21/05/2019 02:07,0
kill,r8xyh,auvisq,"Someone on the other side of the world who unknowingly helped me through my lowest points killed himself. Please, I just need to get this off my chest.",2,offmychest,26/02/2019 13:21,-1
kill,r8xyh,aq7ec1,"People saying ""It's normal"", ""It happens to everyone"" is the reason why I hate opening up but keeping it inside kills me.",18,depression,13/02/2019 22:58,-1
hate,r8xyh,aq7ec1,"People saying ""It's normal"", ""It happens to everyone"" is the reason why I hate opening up but keeping it inside kills me.",18,depression,13/02/2019 22:58,-1
end,r8xyh,a42dw5,"Anyone here ever ended up not completing their work on time? What happened? If not, I think I'll be the first tomorrow.",6,GradSchool,08/12/2018 02:04,0
plan,r8xyh,930ozg,Any fellow third world citizens trying to reach FIRE on here? Why not share our plans and progress here.,158,financialindependence,30/07/2018 11:32,-1
plan,r8xyh,8eskra,Gordon Ryan's rather humble statement about his plans to compete in the gi later this year,122,bjj,25/04/2018 18:42,0
hate,r8xyh,3qu61x,"What is the game that everyone hates, that you love?",258,gaming,30/10/2015 21:36,1
bad,hyp3646,c8hdrl,I used to feel bad for people when i read their posts.,0,depression,03/07/2019 08:34,-1
hide,hyp3646,b96mck,i'm not doing any better i just got better at hiding it.,143,depression,04/04/2019 09:36,-1
hate,hyp3646,ak39pt,I hate my friends,6,depression,27/01/2019 02:06,0
depress,hyp3646,ad861g,My cycle of depression,0,depression,07/01/2019 02:26,-1
ptsd,hyp3646,a2v818,Ptsd and Depression is controlling my life,0,depression,04/12/2018 08:44,-1
depress,hyp3646,a2v818,Ptsd and Depression is controlling my life,0,depression,04/12/2018 08:44,-1
cut,2jpl9hma,drjqzu,"I cut my hair shorter, not sure if I suit it.",16,gothsluts,05/11/2019 00:11,-1
kill,2jpl9hma,dptw9t,I've been sat thinking today what would be the best way to kill myself.,9,SuicideWatch,01/11/2019 05:02,0
kill,2jpl9hma,dptvmk,I've been sat thinking today what would be the best way to kill myself.,9,depression,01/11/2019 05:01,0
dead,2jpl9hma,dp7xcg,NO ONE GIVES A FUCK ABOUT ME MAY AS WELL BE DEAD,101,depression,30/10/2019 23:01,-1
die,2jpl9hma,dp7wjc,I WANNA DIE NOW I WANNA DIE ITS TIME TO GO,2,SuicideWatch,30/10/2019 23:00,-1
alon,2jpl9hma,doz2z3,Social media makes you understand just how alone you really are.,2,depression,30/10/2019 08:29,-1
night,2jpl9hma,dov1lc,You asked me to do something halloween weekend I said yes then you ignored me and posted photos about your night out on instagram.,0,rant,30/10/2019 03:44,0
kill,2jpl9hma,doumqp,I'm loosing all my hair and I want to kill myself :(,14,Anxiety,30/10/2019 03:15,-1
live,2jpl9hma,dodmjs,I wanna live here.,1,prettyaltgirls,29/10/2019 03:13,0
lost,2jpl9hma,dlqosv,So guys a vampire from the lost boys gave my channel a shout out,5,u_witchofthewoods89,23/10/2019 07:41,-1
bad,2jpl9hma,didivo,"Could really use some cheering up, bad day. Please send happy vibes :( x",21,prettyaltgirls,16/10/2019 04:03,1
night,2jpl9hma,dhca96,Sleep all day. Party all night.,12,prettyaltgirls,13/10/2019 23:50,1
abus,2jpl9hma,dgperr,So tired of my alcoholic mother and my abusive grandmother,13,depression,12/10/2019 10:53,-1
alon,2jpl9hma,dcj6k4,I feel so alone,9,lonely,03/10/2019 08:21,-1
live,2jpl9hma,d3uxtm,Make a live stream video tonight or not?,1,u_witchofthewoods89,14/09/2019 04:16,0
alon,2jpl9hma,czl66b,"Can't even get anyone to go see a silly movie with me. I feel so alone, I don't have one single friend.",38,lonely,04/09/2019 21:52,0
hurt,3t5em6vo,cuwrlh,The one who is supposed to protect me hurts me the most,0,offmychest,25/08/2019 02:01,0
alon,3t5em6vo,buy4zh,‚ÄúI used to think that the worst thing in life was to end up alone. It's not. The worst thing in life is to end up with people who make you feel alone‚Äú,63,depression,31/05/2019 04:30,-1
end,3t5em6vo,buy4zh,‚ÄúI used to think that the worst thing in life was to end up alone. It's not. The worst thing in life is to end up with people who make you feel alone‚Äú,63,depression,31/05/2019 04:30,-1
