user_id,sub_id,throwaway,percentage,created,sentiment,comments,score
3zahvor3,c34ko8,-0.25,-1.0,-0.4,-0.8074,193,-0.6037
2zpif9u2,b4gsy8,-0.25,-1.0,0.0,-0.2023,179,-0.22615000000000002
2zpif9u2,b39e3k,-0.25,-1.0,0.0,-0.6908,6,-0.4704
2zpif9u2,b2frui,-0.25,-1.0,0.0,-0.8555,11,-0.5527500000000001
2zpif9u2,b1ccgv,-0.25,-1.0,0.0,0.6705,5,-0.125
2zpif9u2,b1audi,-0.25,-1.0,0.0,-0.4939,6,-0.37195
2zpif9u2,al8sv7,-0.25,-1.0,-0.2,-0.8399,5,-0.54495
2zpif9u2,aier4v,-0.25,-1.0,-1.0,-0.5106,17,-0.7553000000000001
15fss0,drlw29,-0.25,-0.4,-1.0,-0.5719,2,-0.48595
15fss0,d4rvsq,-0.25,-0.4,-0.8,0.0516,18,-0.325
15fss0,cbk8i7,-0.25,-0.4,-1.0,-0.8341,256,-0.61705
15fss0,bmfixh,-0.25,-0.4,-0.2,-0.5563,20,-0.325
15fss0,blf5h0,-0.25,-0.4,-1.0,-0.128,5,-0.325
15fss0,blf2ng,-0.25,-0.4,-1.0,-0.5719,14,-0.48595
15fss0,b94xed,-0.25,-0.4,-0.8,-0.9246,24,-0.6000000000000001
15fss0,b7vc47,-0.25,-0.4,-0.4,-0.9331,8,-0.4
15fss0,b4f0if,-0.25,-0.4,-0.2,-0.9488,5,-0.325
15fss0,ag7pd9,-0.25,-0.4,-0.4,-0.4767,11,-0.4
15fss0,9e8nli,-0.25,-0.4,-0.6,-0.296,6,-0.348
15fss0,6jp6fw,-0.25,-0.4,-0.6,-0.4211,41,-0.41054999999999997
3nra8exd,dpfc8x,-0.25,-0.6,-0.6,-0.7899,13,-0.6
3nra8exd,dmacrp,-0.25,-0.6,-0.4,0.3612,0,-0.325
3nra8exd,dkp7t3,-0.25,-0.6,-1.0,-0.9274,46,-0.7637
3nra8exd,d9xaga,-0.25,-0.6,0.0,-0.5994,16,-0.4247
3nra8exd,d8wqv1,-0.25,-0.6,-0.4,-0.5719,2,-0.48595
3nra8exd,d7mve8,-0.25,-0.6,0.0,-0.7825,2,-0.425
3nra8exd,d7lah8,-0.25,-0.6,-0.2,-0.6369,7,-0.425
3nra8exd,d5u6ew,-0.25,-0.6,0.0,-0.3182,1,-0.2841
3nra8exd,d4wg20,-0.25,-0.6,0.0,-0.4404,0,-0.3452
3nra8exd,d4w46h,-0.25,-0.6,0.0,-0.2263,0,-0.23815
3nra8exd,d4w3pm,-0.25,-0.6,0.0,-0.0609,7,-0.15545
3nra8exd,d3xvuo,-0.25,-0.6,-0.6,-0.6705,5,-0.6
3nra8exd,d2k5lc,-0.25,-0.6,-0.2,-0.6486,73,-0.425
3nra8exd,d17tao,-0.25,-0.6,0.0,-0.8442,14,-0.425
3nra8exd,d17oen,-0.25,-0.6,0.0,-0.8051,4,-0.425
3nra8exd,d16wa3,-0.25,-0.6,0.0,-0.8883,66,-0.425
3nra8exd,czxtw5,-0.25,-0.6,0.0,-0.8563,8,-0.425
3nra8exd,cz1mqx,-0.25,-0.6,0.0,-0.9257,0,-0.425
3nra8exd,cyml3f,-0.25,-0.6,-0.2,-0.3447,1,-0.29735
3nra8exd,cymh1x,-0.25,-0.6,0.0,-0.9413,4,-0.425
3nra8exd,cyhl1z,-0.25,-0.6,-0.6,-0.296,4,-0.44799999999999995
3nra8exd,cy7ok1,-0.25,-0.6,0.0,-0.9214,1,-0.425
3nra8exd,cwll7a,-0.25,-0.6,-0.6,-0.6633,46,-0.6
3nra8exd,cwlkdc,-0.25,-0.6,-0.6,-0.072,1,-0.425
3nra8exd,cwfxo6,-0.25,-0.6,-0.2,-0.296,0,-0.273
3nra8exd,cvl7au,-0.25,-0.6,0.0,-0.7717,6,-0.425
3nra8exd,cuphm5,-0.25,-0.6,0.0,-0.5274,15,-0.3887
3k2c2zrm,dl5f1t,-0.25,-0.8,-1.0,-0.9485,1,-0.87425
3k2c2zrm,d04kb5,-0.25,-0.8,-1.0,-0.5849,21,-0.69245
3k2c2zrm,cyfpuu,-0.25,-0.8,-0.8,-0.81,129,-0.8
3k2c2zrm,cxxg9b,-0.25,-0.8,-0.8,-0.6705,10,-0.73525
3k2c2zrm,bt9os3,-0.25,-0.8,-0.8,-0.4215,9,-0.61075
16kbgk,au5jzi,-0.25,-1.0,0.0,-0.296,6,-0.273
2ilsggu8,baiby5,-0.25,0.0,-0.8,-0.6908,98,-0.4704
2ilsggu8,ba72nn,-0.25,0.0,-1.0,-0.6597,6,-0.45485
tib5k,drsq3i,-0.25,0.0,-0.4,-0.7299,0,-0.325
tib5k,di94pe,-0.25,0.0,-0.8,-0.6908,1,-0.4704
tib5k,di1tsc,-0.25,0.0,-0.2,-0.5719,1,-0.225
tib5k,d9i9x7,-0.25,0.0,-0.4,-0.6124,9,-0.325
tib5k,coxe4f,-0.25,0.0,-0.6,-0.8808,72,-0.425
tib5k,ca4p9v,-0.25,0.0,0.0,-0.8387,3,-0.125
tib5k,brm0c8,-0.25,0.0,0.0,-0.6597,56,-0.125
tib5k,a7tq3o,-0.25,0.0,-0.2,-0.4215,1,-0.225
tib5k,5r1vr9,-0.25,0.0,-0.8,0.1027,11,-0.125
ls75qsa,d92gf2,-0.25,-0.1,-0.4,-0.2263,86,-0.23815
ls75qsa,cvp6ea,-0.25,-0.1,-0.6,-0.2023,0,-0.22615000000000002
jn0ae,dkh67u,-0.25,-0.1,0.0,-0.5574,10,-0.175
jn0ae,dbr3ok,-0.25,-0.1,-0.2,-0.7216,2,-0.225
jn0ae,c68ql2,-0.25,-0.1,-1.0,-0.7538,97,-0.5019
jn0ae,bfoyin,-0.25,-0.1,-0.6,-0.4767,4,-0.36335
3wavathx,bxbwzr,-0.25,-1.0,-0.2,-0.743,2,-0.4965
nghshq2,7opdab,-0.25,-0.1,0.0,-0.3818,32,-0.175
2xxntvzu,d7aen0,-0.25,-0.1,-0.6,-0.8221,0,-0.425
2xxntvzu,d79wg2,-0.25,-0.1,-0.4,-0.5574,0,-0.325
2xxntvzu,d7807g,-0.25,-0.1,0.0,-0.2023,1,-0.15115
2xxntvzu,d6uydl,-0.25,-0.1,-0.6,-0.7506,0,-0.425
2xxntvzu,d4rl5g,-0.25,-0.1,-0.8,0.2732,0,-0.175
2xxntvzu,d4bdmt,-0.25,-0.1,-0.8,0.1027,5,-0.175
2xxntvzu,d4a1wy,-0.25,-0.1,-1.0,-0.5719,0,-0.41095
2xxntvzu,d3pa9u,-0.25,-0.1,-0.6,-0.8455,0,-0.425
2xxntvzu,d38cpt,-0.25,-0.1,-0.6,-0.5789,0,-0.41445
2xxntvzu,d1qdah,-0.25,-0.1,-0.4,-0.6705,3,-0.325
2xxntvzu,d0gbrm,-0.25,-0.1,-0.4,-0.5023,68,-0.325
2xxntvzu,d0g8c6,-0.25,-0.1,-0.4,-0.5648,1,-0.325
2xxntvzu,cry61w,-0.25,-0.1,0.0,0.6059,2,-0.05
2xxntvzu,cqk7fq,-0.25,-0.1,-0.4,-0.7755,3,-0.325
2xxntvzu,cp3mv9,-0.25,-0.1,-0.8,0.2732,0,-0.175
2xxntvzu,cp3mkh,-0.25,-0.1,-0.8,-0.6124,7,-0.4312
3bt40uew,dmg28p,-0.25,-0.4,-0.6,-0.7906,44,-0.5
3bt40uew,degb5a,-0.25,-0.4,0.0,-0.7178,7,-0.325
3bt40uew,d56r46,-0.25,-0.4,-0.8,-0.8658,39,-0.6000000000000001
3bt40uew,d56mls,-0.25,-0.4,-0.8,-0.7876,4,-0.5938
3bt40uew,d244v2,-0.25,-0.4,0.0,-0.8402,1,-0.325
3bt40uew,d18hjk,-0.25,-0.4,0.0,-0.4767,1,-0.325
3bt40uew,d17r3e,-0.25,-0.4,0.0,-0.4215,2,-0.325
3bt40uew,czwgjj,-0.25,-0.4,0.0,0.34,9,-0.125
3bt40uew,cztaq5,-0.25,-0.4,-0.6,-0.7769,53,-0.5
3bt40uew,cizsaq,-0.25,-0.4,-1.0,-0.5719,0,-0.48595
3bt40uew,cap76v,-0.25,-0.4,-1.0,-0.6908,7,-0.5454
3bt40uew,br727c,-0.25,-0.4,0.0,-0.5994,8,-0.325
3bt40uew,bqe4ec,-0.25,-0.4,0.0,-0.7165,3,-0.325
3bt40uew,bp61gd,-0.25,-0.4,-0.6,-0.6378,0,-0.5
3bt40uew,bkd4lh,-0.25,-0.4,-1.0,-0.6983,1,-0.54915
3bt40uew,bikhpg,-0.25,-0.4,-0.2,-0.7906,0,-0.325
3bt40uew,bikfxi,-0.25,-0.4,-0.2,-0.5719,0,-0.325
3bt40uew,bic7dd,-0.25,-0.4,-0.8,-0.128,3,-0.325
3bt40uew,bi2ox1,-0.25,-0.4,-1.0,-0.5719,0,-0.48595
3bt40uew,bh5tyz,-0.25,-0.4,0.0,-0.8519,78,-0.325
3bt40uew,bh5npz,-0.25,-0.4,0.0,0.1818,0,-0.125
3bt40uew,bgr4sx,-0.25,-0.4,0.0,-0.9319,0,-0.325
3bt40uew,bclt1b,-0.25,-0.4,-0.4,-0.1478,2,-0.325
3bt40uew,bcljbh,-0.25,-0.4,-0.4,-0.6801,7,-0.4
3bt40uew,bclinv,-0.25,-0.4,-0.4,0.7003,1,-0.325
3bt40uew,b7d1vx,-0.25,-0.4,-0.8,-0.3818,5,-0.3909
4o4r25ca,dritda,-0.25,-0.8,-0.8,-0.743,57,-0.7715000000000001
sg4qt00,82gf20,-0.25,-1.0,-0.8,-0.5574,3,-0.6787000000000001
sg4qt00,7yaf24,-0.25,-1.0,-0.6,-0.705,50,-0.6525
45ys4cs4,d44bso,-0.25,-0.1,-0.4,0.7807,331,-0.175
20huv6cv,cb655d,-0.25,-0.6,-1.0,-0.6124,49,-0.6062000000000001
3j82c5fo,bs4wb7,-0.25,-1.0,-0.8,-0.5267,61,-0.66335
3j82c5fo,bq0vzb,-0.25,-1.0,0.0,-0.6908,2,-0.4704
3j82c5fo,bhhlkj,-0.25,-1.0,-0.2,-0.6705,16,-0.46025
3j82c5fo,b9cvzl,-0.25,-1.0,-0.6,-0.6908,14,-0.6454
3j82c5fo,b93gjv,-0.25,-1.0,-1.0,0.93,3,-0.625
3j82c5fo,b90gq8,-0.25,-1.0,-0.8,-0.2023,12,-0.525
3j82c5fo,b8yoze,-0.25,-1.0,-0.6,-0.5574,6,-0.5787
15le6i,b6hni0,-0.25,-0.1,-0.4,0.3174,69,-0.175
15le6i,ab26c1,-0.25,-0.1,-0.4,0.7655,4,-0.175
15le6i,8l4bhh,-0.25,-0.1,-0.8,0.0,24,-0.175
3ce70mgz,bffan5,-0.25,-0.6,-1.0,-0.3182,48,-0.45909999999999995
rdor3gd,ci3llu,-0.25,-0.6,-0.6,-0.5346,2,-0.5672999999999999
rdor3gd,awdktn,-0.25,-0.6,-0.2,-0.7351,1,-0.425
4nh7za5y,dj4nrp,-0.25,-1.0,-0.2,-0.9231,90,-0.58655
4na7xt8e,d7zskx,-0.25,-1.0,-0.4,-0.4588,103,-0.4294
49sheo3j,cuiinz,-0.25,-0.4,-1.0,-0.9558,90,-0.6779
474sq6bx,cg2rwu,-0.25,-1.0,-1.0,-0.4939,2,-0.74695
474sq6bx,cfpj9u,-0.25,-1.0,-1.0,-0.6705,50,-0.83525
1ritlfux,ce0xmf,-0.25,-0.1,-1.0,-0.347,3,-0.2985
1ritlfux,c684pq,-0.25,-0.1,-1.0,-0.9485,5,-0.5992500000000001
1ritlfux,bjfu2r,-0.25,-0.1,-0.4,-0.8779,44,-0.325
1ritlfux,bfoyug,-0.25,-0.1,-0.6,-0.8575,44,-0.425
1ritlfux,bevo2j,-0.25,-0.1,0.0,-0.2732,15,-0.175
1ritlfux,b91u17,-0.25,-0.1,-1.0,-0.1779,2,-0.21395
1ritlfux,b7d5rl,-0.25,-0.1,-0.8,0.296,3,-0.175
1ritlfux,b4wax6,-0.25,-0.1,-0.6,-0.9114,28,-0.425
1ritlfux,b3wdze,-0.25,-0.1,-0.8,-0.936,10,-0.525
1ritlfux,b3kqxk,-0.25,-0.1,-0.4,-0.5106,4,-0.325
1ritlfux,axn1r7,-0.25,-0.1,-0.8,-0.5719,2,-0.41095
1ritlfux,ah915x,-0.25,-0.1,-0.2,-0.3818,2,-0.225
41u78p67,cuiy1r,-0.25,-0.1,-1.0,-0.8176,16,-0.5338
41u78p67,cszomi,-0.25,-0.1,-0.6,-0.4404,0,-0.3452
1f5lfbn9,drde9f,-0.25,-0.6,0.0,-0.5719,14,-0.41095
1f5lfbn9,dpklnl,-0.25,-0.6,0.0,-0.4215,21,-0.33575
1f5lfbn9,dcyuge,-0.25,-0.6,-0.6,-0.6705,2,-0.6
1f5lfbn9,d5ammv,-0.25,-0.6,-0.4,-0.4215,7,-0.41075
1f5lfbn9,cqjtdx,-0.25,-0.6,-0.4,-0.5994,12,-0.49970000000000003
1f5lfbn9,aftccd,-0.25,-0.6,0.0,0.0,8,-0.125
1f5lfbn9,9m1q5q,-0.25,-0.6,-0.4,0.4585,0,-0.325
1f5lfbn9,8ykwtq,-0.25,-0.6,-0.8,-0.6369,82,-0.6184499999999999
1f5lfbn9,8t91i8,-0.25,-0.6,-0.2,-0.5719,26,-0.41095
2ivawh17,d501qi,-0.25,-0.4,-0.4,-0.5423,88,-0.4
wvrqr,dkrmv8,-0.25,-0.1,-0.6,-0.4404,28,-0.3452
wvrqr,ccxj8z,-0.25,-0.1,-0.4,0.5773,5,-0.175
wvrqr,bnku85,-0.25,-0.1,-0.2,-0.3848,0,-0.225
wvrqr,bi571e,-0.25,-0.1,-0.6,-0.25,7,-0.25
wvrqr,b8rf8c,-0.25,-0.1,-0.6,-0.5719,0,-0.41095
wvrqr,awyaci,-0.25,-0.1,-1.0,-0.5719,5,-0.41095
3jrcxi9w,dfr5ku,-0.25,-0.4,-0.4,-0.9907,7,-0.4
3jrcxi9w,clpk56,-0.25,-0.4,-0.6,-0.9371,36,-0.5
jdh0u,bayxv8,-0.25,-0.1,-1.0,0.0356,65,-0.175
121aza,b228m1,-0.25,-0.6,0.0,0.2023,2,-0.125
121aza,a3vrfu,-0.25,-0.6,-0.2,-0.4404,13,-0.3452
121aza,6e5wfi,-0.25,-0.6,0.0,-0.5661,36,-0.40805
q5whm,dkfkaq,-0.25,-0.4,0.0,-0.4588,125,-0.325
3wi9k8ow,bxpfp1,-0.25,-1.0,-0.4,0.7326,48,-0.325
4eji107y,cwio6u,-0.25,-1.0,-0.2,0.7584,46,-0.225
3omvhqgz,dkvqx4,-0.25,-0.4,0.0,-0.8442,6,-0.325
3omvhqgz,d0twjt,-0.25,-0.4,-0.2,-0.8658,8,-0.325
tzk5p63,dfsjvo,-0.25,-0.1,-0.2,0.4404,1,-0.15000000000000002
kwtj9,drh9mf,-0.25,-0.1,-0.4,-0.34,16,-0.29500000000000004
kwtj9,bzi3ly,-0.25,-0.1,-1.0,-0.6597,45,-0.45485
ajeutqm,drmz1j,-0.25,-0.4,-1.0,-0.6124,0,-0.5062
ajeutqm,cxrjbm,-0.25,-0.4,-0.2,-0.1779,4,-0.225
ajeutqm,ca583y,-0.25,-0.4,-0.2,-0.91,17,-0.325
ajeutqm,c6ah0j,-0.25,-0.4,-1.0,-0.1779,1,-0.325
ajeutqm,c03c84,-0.25,-0.4,0.0,-0.3818,1,-0.31589999999999996
ajeutqm,bq2hpa,-0.25,-0.4,-0.2,-0.3353,5,-0.29264999999999997
ajeutqm,bkj7k8,-0.25,-0.4,0.0,-0.2732,1,-0.2616
ajeutqm,ay7opy,-0.25,-0.4,-0.4,-0.6115,2,-0.4
ajeutqm,9ik8d8,-0.25,-0.4,-1.0,-0.8176,4,-0.6088
ajeutqm,9igy4o,-0.25,-0.4,-0.2,0.0,0,-0.225
ajeutqm,95icab,-0.25,-0.4,-0.2,-0.7003,52,-0.325
lq18c,ae3ki8,-0.25,-0.1,0.0,-0.5574,8,-0.175
lq18c,7he3h4,-0.25,-0.1,-0.4,-0.9835,63,-0.325
3fhlni5d,cei14y,-0.25,-0.1,-1.0,-0.8316,97,-0.5408
3sbcbcul,c5w11l,-0.25,-1.0,-0.8,-0.6486,2,-0.7242999999999999
3sbcbcul,bt61pi,-0.25,-1.0,-0.2,-0.802,9,-0.526
3sbcbcul,bqim6u,-0.25,-1.0,-0.8,0.7641,55,-0.525
i0hgj,c9689w,-0.25,-0.1,-1.0,-0.25,49,-0.25
21q2o21j,dhy1pv,-0.25,-0.1,-0.8,-0.6705,16,-0.46025
21q2o21j,dhw9cz,-0.25,-0.1,-1.0,-0.6705,11,-0.46025
21q2o21j,cs4klj,-0.25,-0.1,-1.0,-0.5719,41,-0.41095
21q2o21j,c9zt18,-0.25,-0.1,-0.8,-0.7902,6,-0.5201
21q2o21j,c97zhd,-0.25,-0.1,-0.8,-0.296,11,-0.273
21q2o21j,bu37ou,-0.25,-0.1,-1.0,-0.8442,18,-0.5470999999999999
21q2o21j,bnc4u2,-0.25,-0.1,-0.6,-0.5719,22,-0.41095
3el60h0g,b0tmq3,-0.25,-1.0,-0.6,-0.5118,63,-0.5559000000000001
3kuscuvj,d7y7sg,-0.25,-0.1,-0.6,-0.4404,34,-0.3452
3kuscuvj,d75d3l,-0.25,-0.1,-0.2,-0.5719,4,-0.225
3kuscuvj,d4z9z7,-0.25,-0.1,-0.4,-0.1027,2,-0.17635
3kuscuvj,d4037y,-0.25,-0.1,-0.2,-0.7935,101,-0.225
40pzmob4,c9umba,-0.25,-0.4,-0.8,-0.5574,146,-0.4787
q897m,b76viu,-0.25,-0.1,-0.2,-0.9022,40,-0.225
3svkyrdg,d7on6t,-0.25,-1.0,-0.2,-0.6908,98,-0.4704
122dss,c5j2vf,-0.25,-0.1,-0.4,-0.6908,113,-0.325
120jovx9,c1qw03,-0.25,-0.6,-1.0,-0.6705,75,-0.63525
120jovx9,bztfa9,-0.25,-0.6,-0.8,-0.4215,11,-0.51075
120jovx9,9ugtmf,-0.25,-0.6,-1.0,-0.802,22,-0.7010000000000001
120jovx9,9pdh89,-0.25,-0.6,-0.8,-0.8934,9,-0.7
2hc6c9wy,9rq2jd,-0.25,-1.0,-0.6,-0.872,61,-0.736
2hc6c9wy,9rj58a,-0.25,-1.0,-0.2,-0.6705,4,-0.46025
efaiege,cicxob,-0.25,-0.1,-0.2,0.2869,2,-0.15000000000000002
efaiege,avbcuc,-0.25,-0.1,0.0,-0.34,6,-0.175
